source,sourceDigest,disposition,target,canonicalDocumentIds,rationale
README.md,sha256:710f590d3f7ad630784d203e783f426100158b0c7011f94a033eb61e9e64f5dc,canonicalized,README.md; docs/index.md,AIXEM-DOCS-HOME-001,The 0.4 source was normalized into the listed canonical 0.5 document or artifact.
START_HERE.md,sha256:d8be12b0d25835e0cb9a86af2a9d219b7b072be1c851d3fcd49213b7eb7f6ec9,canonicalized,START_HERE.md; docs/getting-started/index.md,AIXEM-START-INDEX-001,The 0.4 source was normalized into the listed canonical 0.5 document or artifact.
baseline/aixem-component-graphics-baseline-0.3-2026-08-10/baseline/aixem-wd-0.4-2026-08-10-original/CHANGELOG.md,sha256:d8378671fb7268bd624873d3b27e57f8d1dd3078e4d863914760d037c6fa48d7,archived-by-inventory,legacy/0.4-inventory.json,AIXEM-RELEASE-040-001,The nested 0.3 baseline is audit-preserved by digest and disposition rather than copied into the 0.5 source tree.
baseline/aixem-component-graphics-baseline-0.3-2026-08-10/baseline/aixem-wd-0.4-2026-08-10-original/EXECUTIVE_REVIEW.md,sha256:8798e6dbc606c66696d5d13d1ed9d5fe667570d3f6292b021a0179c558b05548,archived-by-inventory,legacy/0.4-inventory.json,AIXEM-RELEASE-040-001,The nested 0.3 baseline is audit-preserved by digest and disposition rather than copied into the 0.5 source tree.
baseline/aixem-component-graphics-baseline-0.3-2026-08-10/baseline/aixem-wd-0.4-2026-08-10-original/GAP_ANALYSIS.md,sha256:a3b0d826cd11ca154c9de198b1b5e3be865b25162864cf47bacf914b7d0a08d5,archived-by-inventory,legacy/0.4-inventory.json,AIXEM-RELEASE-040-001,The nested 0.3 baseline is audit-preserved by digest and disposition rather than copied into the 0.5 source tree.
baseline/aixem-component-graphics-baseline-0.3-2026-08-10/baseline/aixem-wd-0.4-2026-08-10-original/MANIFEST.sha256,sha256:debd83e8af7e9179cd89a2cb9d51869610715de2279e6fe5b9358bbfff3681cf,archived-by-inventory,legacy/0.4-inventory.json,AIXEM-RELEASE-040-001,The nested 0.3 baseline is audit-preserved by digest and disposition rather than copied into the 0.5 source tree.
baseline/aixem-component-graphics-baseline-0.3-2026-08-10/baseline/aixem-wd-0.4-2026-08-10-original/README.md,sha256:92b885288492fc487042ce9e6d5932c5332942a08831e1f1b32dcb145ed3e972,archived-by-inventory,legacy/0.4-inventory.json,AIXEM-RELEASE-040-001,The nested 0.3 baseline is audit-preserved by digest and disposition rather than copied into the 0.5 source tree.
baseline/aixem-component-graphics-baseline-0.3-2026-08-10/baseline/aixem-wd-0.4-2026-08-10-original/RELEASE_METADATA.json,sha256:b2c9d5c7e40e5d6d80a09d009d898ae180185d0126b643e038fa5b91deab3f4a,archived-by-inventory,legacy/0.4-inventory.json,AIXEM-RELEASE-040-001,The nested 0.3 baseline is audit-preserved by digest and disposition rather than copied into the 0.5 source tree.
baseline/aixem-component-graphics-baseline-0.3-2026-08-10/baseline/aixem-wd-0.4-2026-08-10-original/STATUS_AND_LIMITATIONS.md,sha256:36864954a5aacc2a387a7e9781d887276842d654604f21445dc1ce726a686acb,archived-by-inventory,legacy/0.4-inventory.json,AIXEM-RELEASE-040-001,The nested 0.3 baseline is audit-preserved by digest and disposition rather than copied into the 0.5 source tree.
baseline/aixem-component-graphics-baseline-0.3-2026-08-10/baseline/aixem-wd-0.4-2026-08-10-original/TRACEABILITY_MATRIX.md,sha256:b5002d9f7696aa191533d481d574b1c85f97e776a9a0889a104b5b63d16ac490,archived-by-inventory,legacy/0.4-inventory.json,AIXEM-RELEASE-040-001,The nested 0.3 baseline is audit-preserved by digest and disposition rather than copied into the 0.5 source tree.
baseline/aixem-component-graphics-baseline-0.3-2026-08-10/baseline/aixem-wd-0.4-2026-08-10-original/VALIDATION_REPORT_5_CYCLES.md,sha256:58da561713adcca902d6a8fe305131c668eeec626b91545d47bdaa10c45f1675,archived-by-inventory,legacy/0.4-inventory.json,AIXEM-RELEASE-040-001,The nested 0.3 baseline is audit-preserved by digest and disposition rather than copied into the 0.5 source tree.
baseline/aixem-component-graphics-baseline-0.3-2026-08-10/baseline/aixem-wd-0.4-2026-08-10-original/examples/agent-add-pullup.aixem.patch.json,sha256:4f440f14e5d92bbbc5958c4bd2d5ca7165f0cecfce91b39bb4e125de98f3fcdb,archived-by-inventory,legacy/0.4-inventory.json,AIXEM-RELEASE-040-001,The nested 0.3 baseline is audit-preserved by digest and disposition rather than copied into the 0.5 source tree.
baseline/aixem-component-graphics-baseline-0.3-2026-08-10/baseline/aixem-wd-0.4-2026-08-10-original/examples/capability-manifest.example.json,sha256:b301700c3b6b629f387d9ec0c1450c8a38daeecba16fefeb45494eda44d28efd,archived-by-inventory,legacy/0.4-inventory.json,AIXEM-RELEASE-040-001,The nested 0.3 baseline is audit-preserved by digest and disposition rather than copied into the 0.5 source tree.
baseline/aixem-component-graphics-baseline-0.3-2026-08-10/baseline/aixem-wd-0.4-2026-08-10-original/examples/conformance-claim.example.json,sha256:f2706a1c53c1900a0bd5dcf9216eb5c8ba780ffecd77d4b8cf0eb3fd91bd4838,archived-by-inventory,legacy/0.4-inventory.json,AIXEM-RELEASE-040-001,The nested 0.3 baseline is audit-preserved by digest and disposition rather than copied into the 0.5 source tree.
baseline/aixem-component-graphics-baseline-0.3-2026-08-10/baseline/aixem-wd-0.4-2026-08-10-original/examples/diagnostic-report.example.json,sha256:6e38db6b0d1ca731aa0cdd3e34e0a946c65e8c38d351ca7740b79d5f51387a3e,archived-by-inventory,legacy/0.4-inventory.json,AIXEM-RELEASE-040-001,The nested 0.3 baseline is audit-preserved by digest and disposition rather than copied into the 0.5 source tree.
baseline/aixem-component-graphics-baseline-0.3-2026-08-10/baseline/aixem-wd-0.4-2026-08-10-original/examples/esp32_sensor.aixem,sha256:30b48d9c3ae4634a32985117f6f0702a9078af77ce8a8af4f483a7a7b20b4e42,archived-by-inventory,legacy/0.4-inventory.json,AIXEM-RELEASE-040-001,The nested 0.3 baseline is audit-preserved by digest and disposition rather than copied into the 0.5 source tree.
baseline/aixem-component-graphics-baseline-0.3-2026-08-10/baseline/aixem-wd-0.4-2026-08-10-original/examples/esp32_sensor.layout.aixem,sha256:c15fdc3fbe9604a34059aefdc00523863ec7b376f9aa3fc21d013063311bd98d,archived-by-inventory,legacy/0.4-inventory.json,AIXEM-RELEASE-040-001,The nested 0.3 baseline is audit-preserved by digest and disposition rather than copied into the 0.5 source tree.
baseline/aixem-component-graphics-baseline-0.3-2026-08-10/baseline/aixem-wd-0.4-2026-08-10-original/examples/loss-report.example.json,sha256:af0b02b9c94f66e75d5281ebcd0646073b17eaab0e0e4a9f160b7f7329a38bd8,archived-by-inventory,legacy/0.4-inventory.json,AIXEM-RELEASE-040-001,The nested 0.3 baseline is audit-preserved by digest and disposition rather than copied into the 0.5 source tree.
baseline/aixem-component-graphics-baseline-0.3-2026-08-10/baseline/aixem-wd-0.4-2026-08-10-original/examples/package-manifest.example.json,sha256:1dab51ccd8c92dd46b90a8fbfb729e36144b934746a338991458264611738bd7,archived-by-inventory,legacy/0.4-inventory.json,AIXEM-RELEASE-040-001,The nested 0.3 baseline is audit-preserved by digest and disposition rather than copied into the 0.5 source tree.
baseline/aixem-component-graphics-baseline-0.3-2026-08-10/baseline/aixem-wd-0.4-2026-08-10-original/examples/provenance.example.json,sha256:28e860f24af212155bd7a7084e366ca99a5f21dc4e56a60189ba5741d6d76ee5,archived-by-inventory,legacy/0.4-inventory.json,AIXEM-RELEASE-040-001,The nested 0.3 baseline is audit-preserved by digest and disposition rather than copied into the 0.5 source tree.
baseline/aixem-component-graphics-baseline-0.3-2026-08-10/baseline/aixem-wd-0.4-2026-08-10-original/examples/source-map.example.json,sha256:5b3021fdf0aca352fdaacf1e17f8f83a7c3eb56a790422dfb8162e2cc5a66fac,archived-by-inventory,legacy/0.4-inventory.json,AIXEM-RELEASE-040-001,The nested 0.3 baseline is audit-preserved by digest and disposition rather than copied into the 0.5 source tree.
baseline/aixem-component-graphics-baseline-0.3-2026-08-10/baseline/aixem-wd-0.4-2026-08-10-original/examples/validation-evidence.example.json,sha256:c287cafbdea318c6d388cac38ba397c55f93dd45529dfa4b921d8ca6eb929859,archived-by-inventory,legacy/0.4-inventory.json,AIXEM-RELEASE-040-001,The nested 0.3 baseline is audit-preserved by digest and disposition rather than copied into the 0.5 source tree.
baseline/aixem-component-graphics-baseline-0.3-2026-08-10/baseline/aixem-wd-0.4-2026-08-10-original/examples/voltage_divider.aixem,sha256:99e34f2fda5e0618cfa0443f549f7e7086839781c7ed4e2a66add158db0a48f2,archived-by-inventory,legacy/0.4-inventory.json,AIXEM-RELEASE-040-001,The nested 0.3 baseline is audit-preserved by digest and disposition rather than copied into the 0.5 source tree.
baseline/aixem-component-graphics-baseline-0.3-2026-08-10/baseline/aixem-wd-0.4-2026-08-10-original/examples/voltage_divider.aixem.semantic.json,sha256:e543dfae3ed31c618fe3ecad76d49d9c620615629e0159201e9efc384a96b8bb,archived-by-inventory,legacy/0.4-inventory.json,AIXEM-RELEASE-040-001,The nested 0.3 baseline is audit-preserved by digest and disposition rather than copied into the 0.5 source tree.
baseline/aixem-component-graphics-baseline-0.3-2026-08-10/baseline/aixem-wd-0.4-2026-08-10-original/planning/00_STANDARDIZATION_CHARTER.md,sha256:ed3ca314d03426ab935ddecf45d97f1e89d188e85c13835f0fcf795eda54eb4a,archived-by-inventory,legacy/0.4-inventory.json,AIXEM-RELEASE-040-001,The nested 0.3 baseline is audit-preserved by digest and disposition rather than copied into the 0.5 source tree.
baseline/aixem-component-graphics-baseline-0.3-2026-08-10/baseline/aixem-wd-0.4-2026-08-10-original/planning/01_STAKEHOLDERS_USE_CASES_SCOPE.md,sha256:d388a1b9b219b5ec93d7df437b5946b69633c6cbc3052fbf95954c7b439d614c,archived-by-inventory,legacy/0.4-inventory.json,AIXEM-RELEASE-040-001,The nested 0.3 baseline is audit-preserved by digest and disposition rather than copied into the 0.5 source tree.
baseline/aixem-component-graphics-baseline-0.3-2026-08-10/baseline/aixem-wd-0.4-2026-08-10-original/planning/02_STANDARD_SERIES_ARCHITECTURE.md,sha256:a1c462f5f8bf6caaa57a9c567cf0f64c3f31c5f89a3d3de8accda96dc9485d4a,archived-by-inventory,legacy/0.4-inventory.json,AIXEM-RELEASE-040-001,The nested 0.3 baseline is audit-preserved by digest and disposition rather than copied into the 0.5 source tree.
baseline/aixem-component-graphics-baseline-0.3-2026-08-10/baseline/aixem-wd-0.4-2026-08-10-original/planning/03_REFERENCE_STANDARDS_MAPPING.md,sha256:06a3f583d2d09374cd996aeaef46034a9f186d968d8d54707388b901cf3a2315,archived-by-inventory,legacy/0.4-inventory.json,AIXEM-RELEASE-040-001,The nested 0.3 baseline is audit-preserved by digest and disposition rather than copied into the 0.5 source tree.
baseline/aixem-component-graphics-baseline-0.3-2026-08-10/baseline/aixem-wd-0.4-2026-08-10-original/planning/04_REQUIREMENTS_AND_QUALITY_MODEL.md,sha256:7eb9c90a56edfe81f1550fcd3100f0986a141894f849d9239fcc23e1004afdec,archived-by-inventory,legacy/0.4-inventory.json,AIXEM-RELEASE-040-001,The nested 0.3 baseline is audit-preserved by digest and disposition rather than copied into the 0.5 source tree.
baseline/aixem-component-graphics-baseline-0.3-2026-08-10/baseline/aixem-wd-0.4-2026-08-10-original/planning/05_IMPLEMENTATION_ARCHITECTURE.md,sha256:a7c0a3b162da6c5f7f7dda3a13b8408903d8fb59fc57aec49bb6cef765e48135,archived-by-inventory,legacy/0.4-inventory.json,AIXEM-RELEASE-040-001,The nested 0.3 baseline is audit-preserved by digest and disposition rather than copied into the 0.5 source tree.
baseline/aixem-component-graphics-baseline-0.3-2026-08-10/baseline/aixem-wd-0.4-2026-08-10-original/planning/06_WEB_PLATFORM_DELIVERY.md,sha256:13616177370be3eccc7df7c407bd8aa8bfb7d1f7cccce459f4958aa29d71582b,archived-by-inventory,legacy/0.4-inventory.json,AIXEM-RELEASE-040-001,The nested 0.3 baseline is audit-preserved by digest and disposition rather than copied into the 0.5 source tree.
baseline/aixem-component-graphics-baseline-0.3-2026-08-10/baseline/aixem-wd-0.4-2026-08-10-original/planning/07_REGISTRY_GOVERNANCE_AND_MAINTENANCE.md,sha256:5e89c8fd0da947037869f201b84e6dc20506486763caa6f28db11bc882c2411a,archived-by-inventory,legacy/0.4-inventory.json,AIXEM-RELEASE-040-001,The nested 0.3 baseline is audit-preserved by digest and disposition rather than copied into the 0.5 source tree.
baseline/aixem-component-graphics-baseline-0.3-2026-08-10/baseline/aixem-wd-0.4-2026-08-10-original/planning/08_SECURITY_PRIVACY_PROVENANCE.md,sha256:d423ff722b8eeaafa9b679392d6e046054028abe4240a299af3171cce6d43bfd,archived-by-inventory,legacy/0.4-inventory.json,AIXEM-RELEASE-040-001,The nested 0.3 baseline is audit-preserved by digest and disposition rather than copied into the 0.5 source tree.
baseline/aixem-component-graphics-baseline-0.3-2026-08-10/baseline/aixem-wd-0.4-2026-08-10-original/planning/09_AI_RISK_HUMAN_OVERSIGHT.md,sha256:7a598216827d0a237b1be04edb62d5a4f0e95812532e78518b00c663d3bc0b99,archived-by-inventory,legacy/0.4-inventory.json,AIXEM-RELEASE-040-001,The nested 0.3 baseline is audit-preserved by digest and disposition rather than copied into the 0.5 source tree.
baseline/aixem-component-graphics-baseline-0.3-2026-08-10/baseline/aixem-wd-0.4-2026-08-10-original/planning/10_INTEROPERABILITY_AND_ROUNDTRIP.md,sha256:e318052d11e7f4a7e1d2069394a173a48708261f80fdb86080be0d0f1a6b825f,archived-by-inventory,legacy/0.4-inventory.json,AIXEM-RELEASE-040-001,The nested 0.3 baseline is audit-preserved by digest and disposition rather than copied into the 0.5 source tree.
baseline/aixem-component-graphics-baseline-0.3-2026-08-10/baseline/aixem-wd-0.4-2026-08-10-original/planning/11_REFERENCE_IMPLEMENTATION_AND_TEST_SUITE.md,sha256:0e4bdd2e19c7969c1bdaeb9a1b6a1dfc2a9801afdc6ad4687fa33ec0c2e88877,archived-by-inventory,legacy/0.4-inventory.json,AIXEM-RELEASE-040-001,The nested 0.3 baseline is audit-preserved by digest and disposition rather than copied into the 0.5 source tree.
baseline/aixem-component-graphics-baseline-0.3-2026-08-10/baseline/aixem-wd-0.4-2026-08-10-original/planning/12_IPR_COPYRIGHT_PATENT_POLICY.md,sha256:230e44a7bba82d55fa7ff87ce191753a5fcdf5d5ce468ec562023070e9d81d0b,archived-by-inventory,legacy/0.4-inventory.json,AIXEM-RELEASE-040-001,The nested 0.3 baseline is audit-preserved by digest and disposition rather than copied into the 0.5 source tree.
baseline/aixem-component-graphics-baseline-0.3-2026-08-10/baseline/aixem-wd-0.4-2026-08-10-original/planning/13_ISO_IEC_SUBMISSION_ROADMAP.md,sha256:80d75667e471b1e25200445d28505a766f6a421db986f86b2ca3f71ba2f1bb71,archived-by-inventory,legacy/0.4-inventory.json,AIXEM-RELEASE-040-001,The nested 0.3 baseline is audit-preserved by digest and disposition rather than copied into the 0.5 source tree.
baseline/aixem-component-graphics-baseline-0.3-2026-08-10/baseline/aixem-wd-0.4-2026-08-10-original/planning/14_PCB_EXPANSION_PLAN.md,sha256:d35aeb70b2c717a219d7755bf0af76980a1bb4d697bd624f1462871b272d5cab,archived-by-inventory,legacy/0.4-inventory.json,AIXEM-RELEASE-040-001,The nested 0.3 baseline is audit-preserved by digest and disposition rather than copied into the 0.5 source tree.
baseline/aixem-component-graphics-baseline-0.3-2026-08-10/baseline/aixem-wd-0.4-2026-08-10-original/planning/15_FUTURE_DOMAINS.md,sha256:8ae3e2e636d66eae184d3852e4c01eadd5d4002fa25313ac32a4d374194fe2d8,archived-by-inventory,legacy/0.4-inventory.json,AIXEM-RELEASE-040-001,The nested 0.3 baseline is audit-preserved by digest and disposition rather than copied into the 0.5 source tree.
baseline/aixem-component-graphics-baseline-0.3-2026-08-10/baseline/aixem-wd-0.4-2026-08-10-original/planning/16_RISK_REGISTER_AND_ASSURANCE_CASE.md,sha256:4b673ba8c790f3efb640aee93b9003e7ec917808e09f962a28175c1d68474961,archived-by-inventory,legacy/0.4-inventory.json,AIXEM-RELEASE-040-001,The nested 0.3 baseline is audit-preserved by digest and disposition rather than copied into the 0.5 source tree.
baseline/aixem-component-graphics-baseline-0.3-2026-08-10/baseline/aixem-wd-0.4-2026-08-10-original/planning/17_NWIP_PROPOSAL_INPUT_DRAFT.md,sha256:dad98477fd79b8d28e5a1d39e89f387645a04ca942dd37c28926ba78b45d41fa,archived-by-inventory,legacy/0.4-inventory.json,AIXEM-RELEASE-040-001,The nested 0.3 baseline is audit-preserved by digest and disposition rather than copied into the 0.5 source tree.
baseline/aixem-component-graphics-baseline-0.3-2026-08-10/baseline/aixem-wd-0.4-2026-08-10-original/planning/18_PUBLIC_REVIEW_COMMENT_DISPOSITION.md,sha256:ecfd7da1b5d6049dae38e7e4ed1f38d40500aef5350209279ef29d19092171d0,archived-by-inventory,legacy/0.4-inventory.json,AIXEM-RELEASE-040-001,The nested 0.3 baseline is audit-preserved by digest and disposition rather than copied into the 0.5 source tree.
baseline/aixem-component-graphics-baseline-0.3-2026-08-10/baseline/aixem-wd-0.4-2026-08-10-original/planning/19_TERMINOLOGY_TRANSLATION_LOCALIZATION.md,sha256:7df8556da930b68cd0cc6f22e777cb1c529f01ee7312a46333f04c351b641780,archived-by-inventory,legacy/0.4-inventory.json,AIXEM-RELEASE-040-001,The nested 0.3 baseline is audit-preserved by digest and disposition rather than copied into the 0.5 source tree.
baseline/aixem-component-graphics-baseline-0.3-2026-08-10/baseline/aixem-wd-0.4-2026-08-10-original/planning/20_MIGRATION_FROM_AIXEM_V1.md,sha256:1924129baf9ed75b98b70d46b0d7affcb5582bf292fbe6433f7d5438b8358c4a,archived-by-inventory,legacy/0.4-inventory.json,AIXEM-RELEASE-040-001,The nested 0.3 baseline is audit-preserved by digest and disposition rather than copied into the 0.5 source tree.
baseline/aixem-component-graphics-baseline-0.3-2026-08-10/baseline/aixem-wd-0.4-2026-08-10-original/planning/21_IMPLEMENTATION_CONFORMANCE_STATEMENT_GUIDE.md,sha256:50aa52d77fdff4d5b491677ffab81909721373eee267855493557be466330cd5,archived-by-inventory,legacy/0.4-inventory.json,AIXEM-RELEASE-040-001,The nested 0.3 baseline is audit-preserved by digest and disposition rather than copied into the 0.5 source tree.
baseline/aixem-component-graphics-baseline-0.3-2026-08-10/baseline/aixem-wd-0.4-2026-08-10-original/planning/22_STANDARDS_DEVELOPMENT_PROCESS.md,sha256:c0f0a9653411aba1c521515eafa207571e5c378970a41f3eabdb6ad4d1428372,archived-by-inventory,legacy/0.4-inventory.json,AIXEM-RELEASE-040-001,The nested 0.3 baseline is audit-preserved by digest and disposition rather than copied into the 0.5 source tree.
baseline/aixem-component-graphics-baseline-0.3-2026-08-10/baseline/aixem-wd-0.4-2026-08-10-original/references/NORMATIVE_AND_INFORMATIVE_REFERENCES.md,sha256:2ee4a2f0dc40d7367b83196971e92162fa608746c38c002e6622f4be8ec89d01,archived-by-inventory,legacy/0.4-inventory.json,AIXEM-RELEASE-040-001,The nested 0.3 baseline is audit-preserved by digest and disposition rather than copied into the 0.5 source tree.
baseline/aixem-component-graphics-baseline-0.3-2026-08-10/baseline/aixem-wd-0.4-2026-08-10-original/references/reference-register.json,sha256:b208d7b3e6dd1c9a30403ef86a2125c929cc6a739fafb9e52a01acda1505467e,archived-by-inventory,legacy/0.4-inventory.json,AIXEM-RELEASE-040-001,The nested 0.3 baseline is audit-preserved by digest and disposition rather than copied into the 0.5 source tree.
baseline/aixem-component-graphics-baseline-0.3-2026-08-10/baseline/aixem-wd-0.4-2026-08-10-original/requirements/aixem-requirements.json,sha256:8ef9989af34379e2ce7ae9f56070c6d48c2c4e3a606bb5b90707b2a17d1d7d2b,archived-by-inventory,legacy/0.4-inventory.json,AIXEM-RELEASE-040-001,The nested 0.3 baseline is audit-preserved by digest and disposition rather than copied into the 0.5 source tree.
baseline/aixem-component-graphics-baseline-0.3-2026-08-10/baseline/aixem-wd-0.4-2026-08-10-original/schemas/aixem-agent-transaction.schema.json,sha256:67aefafbbf80ede1feb4c12a8d3a5ce44756550b4e2a58b8dea7d88fe1a69766,archived-by-inventory,legacy/0.4-inventory.json,AIXEM-RELEASE-040-001,The nested 0.3 baseline is audit-preserved by digest and disposition rather than copied into the 0.5 source tree.
baseline/aixem-component-graphics-baseline-0.3-2026-08-10/baseline/aixem-wd-0.4-2026-08-10-original/schemas/aixem-assertion-index.schema.json,sha256:38788c381e529c3aa4d2076b35f703567cbaef76967be59c65d6ac57824b5576,archived-by-inventory,legacy/0.4-inventory.json,AIXEM-RELEASE-040-001,The nested 0.3 baseline is audit-preserved by digest and disposition rather than copied into the 0.5 source tree.
baseline/aixem-component-graphics-baseline-0.3-2026-08-10/baseline/aixem-wd-0.4-2026-08-10-original/schemas/aixem-capability-manifest.schema.json,sha256:224b2114d2fd0aa60dbdc5f6e343bf950baff174d4a823df65f8d5904a909a96,archived-by-inventory,legacy/0.4-inventory.json,AIXEM-RELEASE-040-001,The nested 0.3 baseline is audit-preserved by digest and disposition rather than copied into the 0.5 source tree.
baseline/aixem-component-graphics-baseline-0.3-2026-08-10/baseline/aixem-wd-0.4-2026-08-10-original/schemas/aixem-conformance-claim.schema.json,sha256:cdc4e36e42f373ed5193ec3dc8ad4ae040c39e4cb9a65bb0705238b6258835bd,archived-by-inventory,legacy/0.4-inventory.json,AIXEM-RELEASE-040-001,The nested 0.3 baseline is audit-preserved by digest and disposition rather than copied into the 0.5 source tree.
baseline/aixem-component-graphics-baseline-0.3-2026-08-10/baseline/aixem-wd-0.4-2026-08-10-original/schemas/aixem-corpus-manifest.schema.json,sha256:0fe7c790289a11dfd40a79d491175334f633239441d98696a3d2622367793898,archived-by-inventory,legacy/0.4-inventory.json,AIXEM-RELEASE-040-001,The nested 0.3 baseline is audit-preserved by digest and disposition rather than copied into the 0.5 source tree.
baseline/aixem-component-graphics-baseline-0.3-2026-08-10/baseline/aixem-wd-0.4-2026-08-10-original/schemas/aixem-diagnostic-report.schema.json,sha256:e862e551cbb0fc4bd70da5f93bc63559dcf8674340f5a1d42bf4cf968780017d,archived-by-inventory,legacy/0.4-inventory.json,AIXEM-RELEASE-040-001,The nested 0.3 baseline is audit-preserved by digest and disposition rather than copied into the 0.5 source tree.
baseline/aixem-component-graphics-baseline-0.3-2026-08-10/baseline/aixem-wd-0.4-2026-08-10-original/schemas/aixem-loss-report.schema.json,sha256:82ef4df62505105c02b7ae41562871fb27005f7db83dc1f8119aa0c29fe5f1e9,archived-by-inventory,legacy/0.4-inventory.json,AIXEM-RELEASE-040-001,The nested 0.3 baseline is audit-preserved by digest and disposition rather than copied into the 0.5 source tree.
baseline/aixem-component-graphics-baseline-0.3-2026-08-10/baseline/aixem-wd-0.4-2026-08-10-original/schemas/aixem-package-manifest.schema.json,sha256:cc9a1343dca3f042af08fd9249b1f6137d33c42685e54301f3b3da9667d0b602,archived-by-inventory,legacy/0.4-inventory.json,AIXEM-RELEASE-040-001,The nested 0.3 baseline is audit-preserved by digest and disposition rather than copied into the 0.5 source tree.
baseline/aixem-component-graphics-baseline-0.3-2026-08-10/baseline/aixem-wd-0.4-2026-08-10-original/schemas/aixem-provenance.schema.json,sha256:6adab430b20ca081cc8de79908d1aa1901297e63cd420076fb95d20fec03c4e6,archived-by-inventory,legacy/0.4-inventory.json,AIXEM-RELEASE-040-001,The nested 0.3 baseline is audit-preserved by digest and disposition rather than copied into the 0.5 source tree.
baseline/aixem-component-graphics-baseline-0.3-2026-08-10/baseline/aixem-wd-0.4-2026-08-10-original/schemas/aixem-reference-register.schema.json,sha256:d176a0ff2ac0826047107ca0e3e76f9a10df6f278480b21f7de578f8c90381c0,archived-by-inventory,legacy/0.4-inventory.json,AIXEM-RELEASE-040-001,The nested 0.3 baseline is audit-preserved by digest and disposition rather than copied into the 0.5 source tree.
baseline/aixem-component-graphics-baseline-0.3-2026-08-10/baseline/aixem-wd-0.4-2026-08-10-original/schemas/aixem-release-metadata.schema.json,sha256:8c7f5354817addfeb804f6963b24bf033876a560c06cf97317a67ce285f0c864,archived-by-inventory,legacy/0.4-inventory.json,AIXEM-RELEASE-040-001,The nested 0.3 baseline is audit-preserved by digest and disposition rather than copied into the 0.5 source tree.
baseline/aixem-component-graphics-baseline-0.3-2026-08-10/baseline/aixem-wd-0.4-2026-08-10-original/schemas/aixem-requirements-register.schema.json,sha256:b9289c25d0b3bf21f2704f013aa1a7a39039bb37a1cc9b001281658c269423e4,archived-by-inventory,legacy/0.4-inventory.json,AIXEM-RELEASE-040-001,The nested 0.3 baseline is audit-preserved by digest and disposition rather than copied into the 0.5 source tree.
baseline/aixem-component-graphics-baseline-0.3-2026-08-10/baseline/aixem-wd-0.4-2026-08-10-original/schemas/aixem-semantic-model.schema.json,sha256:393b49402b60d45861bc015a096571c56dfedb966d6f67198dc328437afc1fc9,archived-by-inventory,legacy/0.4-inventory.json,AIXEM-RELEASE-040-001,The nested 0.3 baseline is audit-preserved by digest and disposition rather than copied into the 0.5 source tree.
baseline/aixem-component-graphics-baseline-0.3-2026-08-10/baseline/aixem-wd-0.4-2026-08-10-original/schemas/aixem-source-map.schema.json,sha256:ee4378704b5f35327c44ecb99ae8d9664cb227e754b961afd1d2a233e583cb4c,archived-by-inventory,legacy/0.4-inventory.json,AIXEM-RELEASE-040-001,The nested 0.3 baseline is audit-preserved by digest and disposition rather than copied into the 0.5 source tree.
baseline/aixem-component-graphics-baseline-0.3-2026-08-10/baseline/aixem-wd-0.4-2026-08-10-original/schemas/aixem-terminology.schema.json,sha256:f397aa4372891087f28b74617c31dba38f61e3f3aa46c2402a339f17519f25c2,archived-by-inventory,legacy/0.4-inventory.json,AIXEM-RELEASE-040-001,The nested 0.3 baseline is audit-preserved by digest and disposition rather than copied into the 0.5 source tree.
baseline/aixem-component-graphics-baseline-0.3-2026-08-10/baseline/aixem-wd-0.4-2026-08-10-original/schemas/aixem-test-assertion.schema.json,sha256:3095189f4f318fb4835e3a9194256a19dbab68dd2fd612856c988b83fa6b8cef,archived-by-inventory,legacy/0.4-inventory.json,AIXEM-RELEASE-040-001,The nested 0.3 baseline is audit-preserved by digest and disposition rather than copied into the 0.5 source tree.
baseline/aixem-component-graphics-baseline-0.3-2026-08-10/baseline/aixem-wd-0.4-2026-08-10-original/schemas/aixem-validation-evidence.schema.json,sha256:4d89611ba6fd2b593b5ef6f032d825884534c20ef911c00b9775b9e27b6185d7,archived-by-inventory,legacy/0.4-inventory.json,AIXEM-RELEASE-040-001,The nested 0.3 baseline is audit-preserved by digest and disposition rather than copied into the 0.5 source tree.
baseline/aixem-component-graphics-baseline-0.3-2026-08-10/baseline/aixem-wd-0.4-2026-08-10-original/spec/AGENT_TOOL_CONTRACT.md,sha256:620e34a5dc3beaf6d4d71e7f6d5f6bdd03ba2ecfb56895a22124e1ac4557a9bf,archived-by-inventory,legacy/0.4-inventory.json,AIXEM-RELEASE-040-001,The nested 0.3 baseline is audit-preserved by digest and disposition rather than copied into the 0.5 source tree.
baseline/aixem-component-graphics-baseline-0.3-2026-08-10/baseline/aixem-wd-0.4-2026-08-10-original/spec/AIXEMR_BINARY_PROFILE.md,sha256:8b4862f3085fac6926382c82e444188db078832cfa72da4b9fc793efc071c3ef,archived-by-inventory,legacy/0.4-inventory.json,AIXEM-RELEASE-040-001,The nested 0.3 baseline is audit-preserved by digest and disposition rather than copied into the 0.5 source tree.
baseline/aixem-component-graphics-baseline-0.3-2026-08-10/baseline/aixem-wd-0.4-2026-08-10-original/spec/CANONICALIZATION.md,sha256:2e0967d581a8ea72d92cfde309fc8dee0eedef94e5c650803631775f360eb8e0,archived-by-inventory,legacy/0.4-inventory.json,AIXEM-RELEASE-040-001,The nested 0.3 baseline is audit-preserved by digest and disposition rather than copied into the 0.5 source tree.
baseline/aixem-component-graphics-baseline-0.3-2026-08-10/baseline/aixem-wd-0.4-2026-08-10-original/spec/CONFORMANCE_CLASSES.md,sha256:26b8fb7cd7658d3c051df5782ee08e8c427a9fa0c0cdeaf2dc797fb38ef821ff,archived-by-inventory,legacy/0.4-inventory.json,AIXEM-RELEASE-040-001,The nested 0.3 baseline is audit-preserved by digest and disposition rather than copied into the 0.5 source tree.
baseline/aixem-component-graphics-baseline-0.3-2026-08-10/baseline/aixem-wd-0.4-2026-08-10-original/spec/CORE_METAMODEL_AND_INVARIANTS.md,sha256:5714c54fdfec34f9703495115fba3e89646ecf902999492341097bf7150db1dd,archived-by-inventory,legacy/0.4-inventory.json,AIXEM-RELEASE-040-001,The nested 0.3 baseline is audit-preserved by digest and disposition rather than copied into the 0.5 source tree.
baseline/aixem-component-graphics-baseline-0.3-2026-08-10/baseline/aixem-wd-0.4-2026-08-10-original/spec/DIAGNOSTIC_CODES.md,sha256:995c5a96c8f10f338eb4b6779b2202867929bfd4174265107cbc26492194233a,archived-by-inventory,legacy/0.4-inventory.json,AIXEM-RELEASE-040-001,The nested 0.3 baseline is audit-preserved by digest and disposition rather than copied into the 0.5 source tree.
baseline/aixem-component-graphics-baseline-0.3-2026-08-10/baseline/aixem-wd-0.4-2026-08-10-original/spec/ERROR_RECOVERY_AND_PROCESSING_LIMITS.md,sha256:f6451df949cd1e283a93c5c4f3083ea4b4169206490233dfad8e025716203ed5,archived-by-inventory,legacy/0.4-inventory.json,AIXEM-RELEASE-040-001,The nested 0.3 baseline is audit-preserved by digest and disposition rather than copied into the 0.5 source tree.
baseline/aixem-component-graphics-baseline-0.3-2026-08-10/baseline/aixem-wd-0.4-2026-08-10-original/spec/IDENTIFIERS_AND_NAMESPACES.md,sha256:f1acde39b3c0f3b09825993deb7c740d0bd0421fb00e732a144e99b241f7b326,archived-by-inventory,legacy/0.4-inventory.json,AIXEM-RELEASE-040-001,The nested 0.3 baseline is audit-preserved by digest and disposition rather than copied into the 0.5 source tree.
baseline/aixem-component-graphics-baseline-0.3-2026-08-10/baseline/aixem-wd-0.4-2026-08-10-original/spec/LOSS_REPORT.md,sha256:f530d5e4828c8b21ec9b8c1a1fbbb604750973b6d333582fb3785821922737cf,archived-by-inventory,legacy/0.4-inventory.json,AIXEM-RELEASE-040-001,The nested 0.3 baseline is audit-preserved by digest and disposition rather than copied into the 0.5 source tree.
baseline/aixem-component-graphics-baseline-0.3-2026-08-10/baseline/aixem-wd-0.4-2026-08-10-original/spec/MEDIA_TYPE_REGISTRATION.md,sha256:66c54109872152a5cbe857ce654eb34ea65c65aeee0a863abf2753cd6a4be81e,archived-by-inventory,legacy/0.4-inventory.json,AIXEM-RELEASE-040-001,The nested 0.3 baseline is audit-preserved by digest and disposition rather than copied into the 0.5 source tree.
baseline/aixem-component-graphics-baseline-0.3-2026-08-10/baseline/aixem-wd-0.4-2026-08-10-original/spec/NUMERIC_AND_UNITS.md,sha256:10bf739cd1d6044279b05c71df6a0f2b302a92ddfaf58baa525bb265018bb526,archived-by-inventory,legacy/0.4-inventory.json,AIXEM-RELEASE-040-001,The nested 0.3 baseline is audit-preserved by digest and disposition rather than copied into the 0.5 source tree.
baseline/aixem-component-graphics-baseline-0.3-2026-08-10/baseline/aixem-wd-0.4-2026-08-10-original/spec/PROFILE_CAPABILITY_NEGOTIATION.md,sha256:85863ead60275abd3d2b034f204406dddc1d7b594cb4027a301ccd1a8d6646c8,archived-by-inventory,legacy/0.4-inventory.json,AIXEM-RELEASE-040-001,The nested 0.3 baseline is audit-preserved by digest and disposition rather than copied into the 0.5 source tree.
baseline/aixem-component-graphics-baseline-0.3-2026-08-10/baseline/aixem-wd-0.4-2026-08-10-original/spec/REGISTRIES.md,sha256:519ca812e28a5701145fc589b678dde005f768205bdf8cccec256e979c518ac9,archived-by-inventory,legacy/0.4-inventory.json,AIXEM-RELEASE-040-001,The nested 0.3 baseline is audit-preserved by digest and disposition rather than copied into the 0.5 source tree.
baseline/aixem-component-graphics-baseline-0.3-2026-08-10/baseline/aixem-wd-0.4-2026-08-10-original/spec/RELEASE_INTEGRITY_AND_REPRODUCIBILITY.md,sha256:256933e016e77b6f7964bfdd7bde169afcd2aa6b72f7e7e48cf7c9a833ced2c9,archived-by-inventory,legacy/0.4-inventory.json,AIXEM-RELEASE-040-001,The nested 0.3 baseline is audit-preserved by digest and disposition rather than copied into the 0.5 source tree.
baseline/aixem-component-graphics-baseline-0.3-2026-08-10/baseline/aixem-wd-0.4-2026-08-10-original/spec/SECURITY_CONSIDERATIONS.md,sha256:5b32cb63262f6e3b2f2f6cb88a7006d96cda4889424654bbafa3d18a4964221b,archived-by-inventory,legacy/0.4-inventory.json,AIXEM-RELEASE-040-001,The nested 0.3 baseline is audit-preserved by digest and disposition rather than copied into the 0.5 source tree.
baseline/aixem-component-graphics-baseline-0.3-2026-08-10/baseline/aixem-wd-0.4-2026-08-10-original/spec/SEMANTIC_JSON_PROJECTION.md,sha256:cebd1679e45874be2d9efe9932baee04bcc3c6a17239c9cb3778c7aca8ce5831,archived-by-inventory,legacy/0.4-inventory.json,AIXEM-RELEASE-040-001,The nested 0.3 baseline is audit-preserved by digest and disposition rather than copied into the 0.5 source tree.
baseline/aixem-component-graphics-baseline-0.3-2026-08-10/baseline/aixem-wd-0.4-2026-08-10-original/spec/SOURCE_MAP.md,sha256:958bf034ce7f07e75a7483e7f94db91b6a4e27031eac6283f8bad3b1441b479c,archived-by-inventory,legacy/0.4-inventory.json,AIXEM-RELEASE-040-001,The nested 0.3 baseline is audit-preserved by digest and disposition rather than copied into the 0.5 source tree.
baseline/aixem-component-graphics-baseline-0.3-2026-08-10/baseline/aixem-wd-0.4-2026-08-10-original/spec/TEST_VECTOR_FORMAT.md,sha256:53eab47c5d5c47d053e732889fd6be83e746b5b06dfd379f7e8e412ced4c4757,archived-by-inventory,legacy/0.4-inventory.json,AIXEM-RELEASE-040-001,The nested 0.3 baseline is audit-preserved by digest and disposition rather than copied into the 0.5 source tree.
baseline/aixem-component-graphics-baseline-0.3-2026-08-10/baseline/aixem-wd-0.4-2026-08-10-original/spec/VERSIONING_COMPATIBILITY_AND_DEPRECATION.md,sha256:91939750aa56fb141a5386179ae3afa14b97daa3910103b6e988e377e760c43f,archived-by-inventory,legacy/0.4-inventory.json,AIXEM-RELEASE-040-001,The nested 0.3 baseline is audit-preserved by digest and disposition rather than copied into the 0.5 source tree.
baseline/aixem-component-graphics-baseline-0.3-2026-08-10/baseline/aixem-wd-0.4-2026-08-10-original/spec/aixem-render-v1.fbs,sha256:b7360d46723e73ac275b0a12c781b3ffedcf0305b68279f523904e660ebaa30b,archived-by-inventory,legacy/0.4-inventory.json,AIXEM-RELEASE-040-001,The nested 0.3 baseline is audit-preserved by digest and disposition rather than copied into the 0.5 source tree.
baseline/aixem-component-graphics-baseline-0.3-2026-08-10/baseline/aixem-wd-0.4-2026-08-10-original/spec/aixem-v1.iso-ebnf,sha256:f549b3d86cd95ac92bf4a119407b30c3daded004e3de7f0d27826756238c4175,archived-by-inventory,legacy/0.4-inventory.json,AIXEM-RELEASE-040-001,The nested 0.3 baseline is audit-preserved by digest and disposition rather than copied into the 0.5 source tree.
baseline/aixem-component-graphics-baseline-0.3-2026-08-10/baseline/aixem-wd-0.4-2026-08-10-original/standards/AIXEM-10_CIRCUIT_SCHEMATIC_PROFILE.md,sha256:feeb9b859283c5baa190a50341213c047e24fd2407f59f66ca00511d29c1e9fc,archived-by-inventory,legacy/0.4-inventory.json,AIXEM-RELEASE-040-001,The nested 0.3 baseline is audit-preserved by digest and disposition rather than copied into the 0.5 source tree.
baseline/aixem-component-graphics-baseline-0.3-2026-08-10/baseline/aixem-wd-0.4-2026-08-10-original/standards/AIXEM-11_WEB_RENDERING_PROFILE.md,sha256:49b426e19c77e6d1c9db3e36f979072fa3d691bceddf067326460bbc70e5720c,archived-by-inventory,legacy/0.4-inventory.json,AIXEM-RELEASE-040-001,The nested 0.3 baseline is audit-preserved by digest and disposition rather than copied into the 0.5 source tree.
baseline/aixem-component-graphics-baseline-0.3-2026-08-10/baseline/aixem-wd-0.4-2026-08-10-original/standards/AIXEM-12_AGENT_TRANSACTION_PROFILE.md,sha256:41b0f7fc50deaa790e404eb481986d9aea2ac53bfaa05458939ca49c6e425266,archived-by-inventory,legacy/0.4-inventory.json,AIXEM-RELEASE-040-001,The nested 0.3 baseline is audit-preserved by digest and disposition rather than copied into the 0.5 source tree.
baseline/aixem-component-graphics-baseline-0.3-2026-08-10/baseline/aixem-wd-0.4-2026-08-10-original/standards/AIXEM-1_FUNDAMENTALS_TERMINOLOGY.md,sha256:23fbdecb79eb42504d643f8a02298432a38a8e89b03f4da4ebaeedf30d2f867d,archived-by-inventory,legacy/0.4-inventory.json,AIXEM-RELEASE-040-001,The nested 0.3 baseline is audit-preserved by digest and disposition rather than copied into the 0.5 source tree.
baseline/aixem-component-graphics-baseline-0.3-2026-08-10/baseline/aixem-wd-0.4-2026-08-10-original/standards/AIXEM-20_CONFORMANCE_AND_TESTING.md,sha256:d03ae7ff95af7be0ad4c79346383d8f9d3d07e91aef9fc62b87844d3082b0fb4,archived-by-inventory,legacy/0.4-inventory.json,AIXEM-RELEASE-040-001,The nested 0.3 baseline is audit-preserved by digest and disposition rather than copied into the 0.5 source tree.
baseline/aixem-component-graphics-baseline-0.3-2026-08-10/baseline/aixem-wd-0.4-2026-08-10-original/standards/AIXEM-2_CORE_SEMANTIC_MODEL.md,sha256:7ff29b15e0600cc2fde30e68d384706194aaede0f045f7a0b1eb2a5a1fea9755,archived-by-inventory,legacy/0.4-inventory.json,AIXEM-RELEASE-040-001,The nested 0.3 baseline is audit-preserved by digest and disposition rather than copied into the 0.5 source tree.
baseline/aixem-component-graphics-baseline-0.3-2026-08-10/baseline/aixem-wd-0.4-2026-08-10-original/standards/AIXEM-3_TEXT_SERIALIZATION.md,sha256:a7201c322b5be7ac817df3d2e8e00ad835a03efc1574e75aa6dd125ac45204c1,archived-by-inventory,legacy/0.4-inventory.json,AIXEM-RELEASE-040-001,The nested 0.3 baseline is audit-preserved by digest and disposition rather than copied into the 0.5 source tree.
baseline/aixem-component-graphics-baseline-0.3-2026-08-10/baseline/aixem-wd-0.4-2026-08-10-original/standards/AIXEM-4_PACKAGING_IDENTIFIERS_PROVENANCE.md,sha256:55524a57176c93d840c1a4cd801853cb3964ff5698d0c1c27cb3ffd9b8e25929,archived-by-inventory,legacy/0.4-inventory.json,AIXEM-RELEASE-040-001,The nested 0.3 baseline is audit-preserved by digest and disposition rather than copied into the 0.5 source tree.
baseline/aixem-component-graphics-baseline-0.3-2026-08-10/baseline/aixem-wd-0.4-2026-08-10-original/templates/CHANGE_REQUEST.md,sha256:1b9068775dbd4af94fce0ca8dedc98fc46fac247552bad5b362944ca121479fd,archived-by-inventory,legacy/0.4-inventory.json,AIXEM-RELEASE-040-001,The nested 0.3 baseline is audit-preserved by digest and disposition rather than copied into the 0.5 source tree.
baseline/aixem-component-graphics-baseline-0.3-2026-08-10/baseline/aixem-wd-0.4-2026-08-10-original/templates/COMMENT_DISPOSITION_LOG.md,sha256:a45d7ab7760ef4be1c6bf10698d778c50884e167c50954472718eea4def0d44e,archived-by-inventory,legacy/0.4-inventory.json,AIXEM-RELEASE-040-001,The nested 0.3 baseline is audit-preserved by digest and disposition rather than copied into the 0.5 source tree.
baseline/aixem-component-graphics-baseline-0.3-2026-08-10/baseline/aixem-wd-0.4-2026-08-10-original/templates/IMPLEMENTATION_CONFORMANCE_STATEMENT.md,sha256:0d7cf98d12e49909dc201b774b6827c4f2130220103b65a8f95e19fd34ab86f5,archived-by-inventory,legacy/0.4-inventory.json,AIXEM-RELEASE-040-001,The nested 0.3 baseline is audit-preserved by digest and disposition rather than copied into the 0.5 source tree.
baseline/aixem-component-graphics-baseline-0.3-2026-08-10/baseline/aixem-wd-0.4-2026-08-10-original/templates/INTEROPERABILITY_EVENT_REPORT.md,sha256:5bafca4ff18452b75806663d8f34441eeb282912a4df2f9a19dabd91cdb17cec,archived-by-inventory,legacy/0.4-inventory.json,AIXEM-RELEASE-040-001,The nested 0.3 baseline is audit-preserved by digest and disposition rather than copied into the 0.5 source tree.
baseline/aixem-component-graphics-baseline-0.3-2026-08-10/baseline/aixem-wd-0.4-2026-08-10-original/templates/NWIP_READINESS_CHECKLIST.md,sha256:bc81416347cbc7b6daebe20d63d747e34a76890350c1c18e6f3633bcfe69737c,archived-by-inventory,legacy/0.4-inventory.json,AIXEM-RELEASE-040-001,The nested 0.3 baseline is audit-preserved by digest and disposition rather than copied into the 0.5 source tree.
baseline/aixem-component-graphics-baseline-0.3-2026-08-10/baseline/aixem-wd-0.4-2026-08-10-original/templates/PATENT_DISCLOSURE_LOG.md,sha256:08fad84565bf00f02cd94501956bf3d62a0ab590c2f0d143729eef9411bda913,archived-by-inventory,legacy/0.4-inventory.json,AIXEM-RELEASE-040-001,The nested 0.3 baseline is audit-preserved by digest and disposition rather than copied into the 0.5 source tree.
baseline/aixem-component-graphics-baseline-0.3-2026-08-10/baseline/aixem-wd-0.4-2026-08-10-original/templates/SECURITY_ADVISORY_AND_ERRATUM.md,sha256:f92151bb633f422dfb6d9f6cf2d47b291ac973b732449840235c740467bcc7e4,archived-by-inventory,legacy/0.4-inventory.json,AIXEM-RELEASE-040-001,The nested 0.3 baseline is audit-preserved by digest and disposition rather than copied into the 0.5 source tree.
baseline/aixem-component-graphics-baseline-0.3-2026-08-10/baseline/aixem-wd-0.4-2026-08-10-original/terminology/aixem-concepts.json,sha256:7f3c6b5aeaa03cfa1b8a4f922a461cf8a2731e46ac433cbd0f4f3bb4e4eef8ac,archived-by-inventory,legacy/0.4-inventory.json,AIXEM-RELEASE-040-001,The nested 0.3 baseline is audit-preserved by digest and disposition rather than copied into the 0.5 source tree.
baseline/aixem-component-graphics-baseline-0.3-2026-08-10/baseline/aixem-wd-0.4-2026-08-10-original/tests/assertions/axt-agt-automated-001.json,sha256:3d025ae787ee81b55127037b4f1c0b640544991b9c5720c520dccb788807b323,archived-by-inventory,legacy/0.4-inventory.json,AIXEM-RELEASE-040-001,The nested 0.3 baseline is audit-preserved by digest and disposition rather than copied into the 0.5 source tree.
baseline/aixem-component-graphics-baseline-0.3-2026-08-10/baseline/aixem-wd-0.4-2026-08-10-original/tests/assertions/axt-agt-automated-002.json,sha256:ab73d95e92ec7812e193ad2c9899ac8d3b2573d4e021378cd7eaa14a2187cb88,archived-by-inventory,legacy/0.4-inventory.json,AIXEM-RELEASE-040-001,The nested 0.3 baseline is audit-preserved by digest and disposition rather than copied into the 0.5 source tree.
baseline/aixem-component-graphics-baseline-0.3-2026-08-10/baseline/aixem-wd-0.4-2026-08-10-original/tests/assertions/axt-agt-automated-003.json,sha256:ff86736b3113e0523d42331cceb3a93de577c9bf128f693e86eb77a6fa5a7c18,archived-by-inventory,legacy/0.4-inventory.json,AIXEM-RELEASE-040-001,The nested 0.3 baseline is audit-preserved by digest and disposition rather than copied into the 0.5 source tree.
baseline/aixem-component-graphics-baseline-0.3-2026-08-10/baseline/aixem-wd-0.4-2026-08-10-original/tests/assertions/axt-agt-automated-004.json,sha256:c26450acc6e22f5304a32f50f2d4200864817c36ace9fe35851a2f2c4eb7b2de,archived-by-inventory,legacy/0.4-inventory.json,AIXEM-RELEASE-040-001,The nested 0.3 baseline is audit-preserved by digest and disposition rather than copied into the 0.5 source tree.
baseline/aixem-component-graphics-baseline-0.3-2026-08-10/baseline/aixem-wd-0.4-2026-08-10-original/tests/assertions/axt-agt-inspection-001.json,sha256:19f9d4978d1b5e1f1aa13f2422f73f83a65d36b9c0f97e336a78dae313f71e5a,archived-by-inventory,legacy/0.4-inventory.json,AIXEM-RELEASE-040-001,The nested 0.3 baseline is audit-preserved by digest and disposition rather than copied into the 0.5 source tree.
baseline/aixem-component-graphics-baseline-0.3-2026-08-10/baseline/aixem-wd-0.4-2026-08-10-original/tests/assertions/axt-cir-automated-001.json,sha256:6d85add05838ae2c708b1905a946c7e4b78ff008164117eeede3dbd8408ac2ca,archived-by-inventory,legacy/0.4-inventory.json,AIXEM-RELEASE-040-001,The nested 0.3 baseline is audit-preserved by digest and disposition rather than copied into the 0.5 source tree.
baseline/aixem-component-graphics-baseline-0.3-2026-08-10/baseline/aixem-wd-0.4-2026-08-10-original/tests/assertions/axt-cir-automated-002.json,sha256:814eb9c859a01fc679f79d564b57430c2c663189a560a73197a1e176bc6eae37,archived-by-inventory,legacy/0.4-inventory.json,AIXEM-RELEASE-040-001,The nested 0.3 baseline is audit-preserved by digest and disposition rather than copied into the 0.5 source tree.
baseline/aixem-component-graphics-baseline-0.3-2026-08-10/baseline/aixem-wd-0.4-2026-08-10-original/tests/assertions/axt-cir-automated-003.json,sha256:2cb05566743ae8ef8f5b53aa77efa21402fdff0e98e2648851f0b40f680497ae,archived-by-inventory,legacy/0.4-inventory.json,AIXEM-RELEASE-040-001,The nested 0.3 baseline is audit-preserved by digest and disposition rather than copied into the 0.5 source tree.
baseline/aixem-component-graphics-baseline-0.3-2026-08-10/baseline/aixem-wd-0.4-2026-08-10-original/tests/assertions/axt-cir-automated-004.json,sha256:9b6574fe68ce47e287231f1d8979659367d49ac25baa5ebae09726465b0b2452,archived-by-inventory,legacy/0.4-inventory.json,AIXEM-RELEASE-040-001,The nested 0.3 baseline is audit-preserved by digest and disposition rather than copied into the 0.5 source tree.
baseline/aixem-component-graphics-baseline-0.3-2026-08-10/baseline/aixem-wd-0.4-2026-08-10-original/tests/assertions/axt-cir-automated-005.json,sha256:ecfbefb2657a511acd2d0de585753f782e2c9f66a8f5410f63f681bff9533a61,archived-by-inventory,legacy/0.4-inventory.json,AIXEM-RELEASE-040-001,The nested 0.3 baseline is audit-preserved by digest and disposition rather than copied into the 0.5 source tree.
baseline/aixem-component-graphics-baseline-0.3-2026-08-10/baseline/aixem-wd-0.4-2026-08-10-original/tests/assertions/axt-conf-inspection-001.json,sha256:d33466d0b877790c4e6df194a9702b775308f765113cd04a3d7e377593a64bb0,archived-by-inventory,legacy/0.4-inventory.json,AIXEM-RELEASE-040-001,The nested 0.3 baseline is audit-preserved by digest and disposition rather than copied into the 0.5 source tree.
baseline/aixem-component-graphics-baseline-0.3-2026-08-10/baseline/aixem-wd-0.4-2026-08-10-original/tests/assertions/axt-conf-inspection-002.json,sha256:0e0a70cb43580ff6706bd0b25d9b7b67308691f4d9881824454e35522ba0b723,archived-by-inventory,legacy/0.4-inventory.json,AIXEM-RELEASE-040-001,The nested 0.3 baseline is audit-preserved by digest and disposition rather than copied into the 0.5 source tree.
baseline/aixem-component-graphics-baseline-0.3-2026-08-10/baseline/aixem-wd-0.4-2026-08-10-original/tests/assertions/axt-conf-inspection-003.json,sha256:37aa62982560f6c93c098f1d1aedf741172348af657284f1056d4df72c6ecdd0,archived-by-inventory,legacy/0.4-inventory.json,AIXEM-RELEASE-040-001,The nested 0.3 baseline is audit-preserved by digest and disposition rather than copied into the 0.5 source tree.
baseline/aixem-component-graphics-baseline-0.3-2026-08-10/baseline/aixem-wd-0.4-2026-08-10-original/tests/assertions/axt-conf-interoperability-001.json,sha256:38930149d44109226ea67940d8d646e95cddd6e140b2e1986b6392f741aab63e,archived-by-inventory,legacy/0.4-inventory.json,AIXEM-RELEASE-040-001,The nested 0.3 baseline is audit-preserved by digest and disposition rather than copied into the 0.5 source tree.
baseline/aixem-component-graphics-baseline-0.3-2026-08-10/baseline/aixem-wd-0.4-2026-08-10-original/tests/assertions/axt-conf-interoperability-002.json,sha256:b34eab644b081989b3d1c25fc6a313b7fed5c9de2ccd3a8ed091b83e95d6b6a3,archived-by-inventory,legacy/0.4-inventory.json,AIXEM-RELEASE-040-001,The nested 0.3 baseline is audit-preserved by digest and disposition rather than copied into the 0.5 source tree.
baseline/aixem-component-graphics-baseline-0.3-2026-08-10/baseline/aixem-wd-0.4-2026-08-10-original/tests/assertions/axt-core-automated-001.json,sha256:038e0bbf771bbcc17d63cc8545f34c4b554d6e616184321073b9c541b268be66,archived-by-inventory,legacy/0.4-inventory.json,AIXEM-RELEASE-040-001,The nested 0.3 baseline is audit-preserved by digest and disposition rather than copied into the 0.5 source tree.
baseline/aixem-component-graphics-baseline-0.3-2026-08-10/baseline/aixem-wd-0.4-2026-08-10-original/tests/assertions/axt-core-automated-002.json,sha256:4a566c623e8a4bfd23c0a2e95675e084f8892141a81d987d576be9977eaa1608,archived-by-inventory,legacy/0.4-inventory.json,AIXEM-RELEASE-040-001,The nested 0.3 baseline is audit-preserved by digest and disposition rather than copied into the 0.5 source tree.
baseline/aixem-component-graphics-baseline-0.3-2026-08-10/baseline/aixem-wd-0.4-2026-08-10-original/tests/assertions/axt-core-automated-003.json,sha256:20f5db4ee5c84e4547cd8a22c42e07999bf37bee232fb65b27febe16b890ec8c,archived-by-inventory,legacy/0.4-inventory.json,AIXEM-RELEASE-040-001,The nested 0.3 baseline is audit-preserved by digest and disposition rather than copied into the 0.5 source tree.
baseline/aixem-component-graphics-baseline-0.3-2026-08-10/baseline/aixem-wd-0.4-2026-08-10-original/tests/assertions/axt-core-automated-004.json,sha256:19efbb3fc78343dfe038b38262ec8b9b4d16b8ba60a9fddf1f39bcecc21d72fa,archived-by-inventory,legacy/0.4-inventory.json,AIXEM-RELEASE-040-001,The nested 0.3 baseline is audit-preserved by digest and disposition rather than copied into the 0.5 source tree.
baseline/aixem-component-graphics-baseline-0.3-2026-08-10/baseline/aixem-wd-0.4-2026-08-10-original/tests/assertions/axt-core-automated-005.json,sha256:39caf6a5fd40414ccd94f4384049506b1e66f026ccb5e25f6c931e13a025fb4e,archived-by-inventory,legacy/0.4-inventory.json,AIXEM-RELEASE-040-001,The nested 0.3 baseline is audit-preserved by digest and disposition rather than copied into the 0.5 source tree.
baseline/aixem-component-graphics-baseline-0.3-2026-08-10/baseline/aixem-wd-0.4-2026-08-10-original/tests/assertions/axt-fnd-automated-001.json,sha256:1386c2640c3c804db4946293f51565ffaad8d535472c6960f9b9a25fb06de2fa,archived-by-inventory,legacy/0.4-inventory.json,AIXEM-RELEASE-040-001,The nested 0.3 baseline is audit-preserved by digest and disposition rather than copied into the 0.5 source tree.
baseline/aixem-component-graphics-baseline-0.3-2026-08-10/baseline/aixem-wd-0.4-2026-08-10-original/tests/assertions/axt-fnd-automated-002.json,sha256:ac9647896bc2993fde80e6582f96f3065e007f0c1a1927f2ff75c22af6c69919,archived-by-inventory,legacy/0.4-inventory.json,AIXEM-RELEASE-040-001,The nested 0.3 baseline is audit-preserved by digest and disposition rather than copied into the 0.5 source tree.
baseline/aixem-component-graphics-baseline-0.3-2026-08-10/baseline/aixem-wd-0.4-2026-08-10-original/tests/assertions/axt-fnd-inspection-001.json,sha256:aa5d4f3d60d365c88b26cbc7e669865ca7c7ebe9be2c99df7d9f5f1566b2e876,archived-by-inventory,legacy/0.4-inventory.json,AIXEM-RELEASE-040-001,The nested 0.3 baseline is audit-preserved by digest and disposition rather than copied into the 0.5 source tree.
baseline/aixem-component-graphics-baseline-0.3-2026-08-10/baseline/aixem-wd-0.4-2026-08-10-original/tests/assertions/axt-pkg-automated-001.json,sha256:b7557ef50ed300fbb4a39f682390e64463ac55688c098b06e1582d980141be3c,archived-by-inventory,legacy/0.4-inventory.json,AIXEM-RELEASE-040-001,The nested 0.3 baseline is audit-preserved by digest and disposition rather than copied into the 0.5 source tree.
baseline/aixem-component-graphics-baseline-0.3-2026-08-10/baseline/aixem-wd-0.4-2026-08-10-original/tests/assertions/axt-pkg-automated-002.json,sha256:029a6de030b50835e314f2d3e219fa3b27b1fa54703b5ec7ed198c2e586c4a9c,archived-by-inventory,legacy/0.4-inventory.json,AIXEM-RELEASE-040-001,The nested 0.3 baseline is audit-preserved by digest and disposition rather than copied into the 0.5 source tree.
baseline/aixem-component-graphics-baseline-0.3-2026-08-10/baseline/aixem-wd-0.4-2026-08-10-original/tests/assertions/axt-pkg-automated-003.json,sha256:b47220be083aab81e3a66a2ee8bc2d22ead2331f652c8bf6f5c8e082850e121b,archived-by-inventory,legacy/0.4-inventory.json,AIXEM-RELEASE-040-001,The nested 0.3 baseline is audit-preserved by digest and disposition rather than copied into the 0.5 source tree.
baseline/aixem-component-graphics-baseline-0.3-2026-08-10/baseline/aixem-wd-0.4-2026-08-10-original/tests/assertions/axt-pkg-inspection-001.json,sha256:1cf948463f3d4d46531062cdc66da1458590d5de568db78cda66d6348b744739,archived-by-inventory,legacy/0.4-inventory.json,AIXEM-RELEASE-040-001,The nested 0.3 baseline is audit-preserved by digest and disposition rather than copied into the 0.5 source tree.
baseline/aixem-component-graphics-baseline-0.3-2026-08-10/baseline/aixem-wd-0.4-2026-08-10-original/tests/assertions/axt-src-automated-001.json,sha256:af3f67e6feaf88e5b142ca466b96aa1c5d61be63e3f44c775d436837df0d45f3,archived-by-inventory,legacy/0.4-inventory.json,AIXEM-RELEASE-040-001,The nested 0.3 baseline is audit-preserved by digest and disposition rather than copied into the 0.5 source tree.
baseline/aixem-component-graphics-baseline-0.3-2026-08-10/baseline/aixem-wd-0.4-2026-08-10-original/tests/assertions/axt-src-automated-002.json,sha256:237fc0168e8648d184dfcaf7ecca1ac690f7b8e6e75f67c526432b13ade94d28,archived-by-inventory,legacy/0.4-inventory.json,AIXEM-RELEASE-040-001,The nested 0.3 baseline is audit-preserved by digest and disposition rather than copied into the 0.5 source tree.
baseline/aixem-component-graphics-baseline-0.3-2026-08-10/baseline/aixem-wd-0.4-2026-08-10-original/tests/assertions/axt-src-automated-003.json,sha256:b33233878a064485d468f5f567bbdcea89f8b1d4a1ead4e61dacb68dd4ec5d2b,archived-by-inventory,legacy/0.4-inventory.json,AIXEM-RELEASE-040-001,The nested 0.3 baseline is audit-preserved by digest and disposition rather than copied into the 0.5 source tree.
baseline/aixem-component-graphics-baseline-0.3-2026-08-10/baseline/aixem-wd-0.4-2026-08-10-original/tests/assertions/axt-src-automated-004.json,sha256:b87e084564180b810bc33d47360e952bc9e31ea42b1ca4f323513e7c65c5f411,archived-by-inventory,legacy/0.4-inventory.json,AIXEM-RELEASE-040-001,The nested 0.3 baseline is audit-preserved by digest and disposition rather than copied into the 0.5 source tree.
baseline/aixem-component-graphics-baseline-0.3-2026-08-10/baseline/aixem-wd-0.4-2026-08-10-original/tests/assertions/axt-src-automated-005.json,sha256:49348271b9878cd177df01c7479abf6f3aad003f24f12ed80cba7b907761fa87,archived-by-inventory,legacy/0.4-inventory.json,AIXEM-RELEASE-040-001,The nested 0.3 baseline is audit-preserved by digest and disposition rather than copied into the 0.5 source tree.
baseline/aixem-component-graphics-baseline-0.3-2026-08-10/baseline/aixem-wd-0.4-2026-08-10-original/tests/assertions/axt-web-automated-001.json,sha256:8c6ad7cd4b5f70f4475c0fa2c1f4da2daf99bb6ca23d87e3684015734f29a234,archived-by-inventory,legacy/0.4-inventory.json,AIXEM-RELEASE-040-001,The nested 0.3 baseline is audit-preserved by digest and disposition rather than copied into the 0.5 source tree.
baseline/aixem-component-graphics-baseline-0.3-2026-08-10/baseline/aixem-wd-0.4-2026-08-10-original/tests/assertions/axt-web-automated-002.json,sha256:5d76acd7e70b1d2e5d31c6722f19172df3721e06e5b139710cab80d9472e216f,archived-by-inventory,legacy/0.4-inventory.json,AIXEM-RELEASE-040-001,The nested 0.3 baseline is audit-preserved by digest and disposition rather than copied into the 0.5 source tree.
baseline/aixem-component-graphics-baseline-0.3-2026-08-10/baseline/aixem-wd-0.4-2026-08-10-original/tests/assertions/axt-web-automated-003.json,sha256:bd8ebdf668049a1ce5d7a9779a793890f6ddc3a5df6830dc9660d43e13552c37,archived-by-inventory,legacy/0.4-inventory.json,AIXEM-RELEASE-040-001,The nested 0.3 baseline is audit-preserved by digest and disposition rather than copied into the 0.5 source tree.
baseline/aixem-component-graphics-baseline-0.3-2026-08-10/baseline/aixem-wd-0.4-2026-08-10-original/tests/assertions/axt-web-automated-004.json,sha256:04e00ba85ff0226d21bae1c2a04f5f84f1463406ff84172cdcc0aed9a547c47e,archived-by-inventory,legacy/0.4-inventory.json,AIXEM-RELEASE-040-001,The nested 0.3 baseline is audit-preserved by digest and disposition rather than copied into the 0.5 source tree.
baseline/aixem-component-graphics-baseline-0.3-2026-08-10/baseline/aixem-wd-0.4-2026-08-10-original/tests/assertions/axt-web-expertreview-001.json,sha256:b72053ae5da82e070e09a2fc037e28c35d3e14c6f885d211e0ac780837fe4100,archived-by-inventory,legacy/0.4-inventory.json,AIXEM-RELEASE-040-001,The nested 0.3 baseline is audit-preserved by digest and disposition rather than copied into the 0.5 source tree.
baseline/aixem-component-graphics-baseline-0.3-2026-08-10/baseline/aixem-wd-0.4-2026-08-10-original/tests/assertions/index.json,sha256:b0a3d9c883b0d00992067627840aa0c32036dc4211ec531b643b84e910762f40,archived-by-inventory,legacy/0.4-inventory.json,AIXEM-RELEASE-040-001,The nested 0.3 baseline is audit-preserved by digest and disposition rather than copied into the 0.5 source tree.
baseline/aixem-component-graphics-baseline-0.3-2026-08-10/baseline/aixem-wd-0.4-2026-08-10-original/tests/corpus/corpus-manifest.json,sha256:deef72079322491e3c9efc7ccb994d305467d413629e23251bb5e666a79ce1ce,archived-by-inventory,legacy/0.4-inventory.json,AIXEM-RELEASE-040-001,The nested 0.3 baseline is audit-preserved by digest and disposition rather than copied into the 0.5 source tree.
baseline/aixem-component-graphics-baseline-0.3-2026-08-10/baseline/aixem-wd-0.4-2026-08-10-original/tests/corpus/negative/bom.aixem.bin,sha256:4859eb2d8c0571c30d716dc573126751c3a4b801b89c673dd49bdb59a9885055,archived-by-inventory,legacy/0.4-inventory.json,AIXEM-RELEASE-040-001,The nested 0.3 baseline is audit-preserved by digest and disposition rather than copied into the 0.5 source tree.
baseline/aixem-component-graphics-baseline-0.3-2026-08-10/baseline/aixem-wd-0.4-2026-08-10-original/tests/corpus/negative/duplicate_attribute.aixem,sha256:0f92217b1d68f0c1bfbd3566ecb7633cbb3c841f9b06765a1bd74c8187af7e90,archived-by-inventory,legacy/0.4-inventory.json,AIXEM-RELEASE-040-001,The nested 0.3 baseline is audit-preserved by digest and disposition rather than copied into the 0.5 source tree.
baseline/aixem-component-graphics-baseline-0.3-2026-08-10/baseline/aixem-wd-0.4-2026-08-10-original/tests/corpus/negative/duplicate_endpoint.aixem,sha256:126b21cd5fd188583e433bbf3c1c04c1676e595fd78956ef06af4c4e5a78eb88,archived-by-inventory,legacy/0.4-inventory.json,AIXEM-RELEASE-040-001,The nested 0.3 baseline is audit-preserved by digest and disposition rather than copied into the 0.5 source tree.
baseline/aixem-component-graphics-baseline-0.3-2026-08-10/baseline/aixem-wd-0.4-2026-08-10-original/tests/corpus/negative/duplicate_key.aixem,sha256:aedee4211efce84e2ac84103f89d932d7ecbb8968597a5febaeaffc3f7a9b01d,archived-by-inventory,legacy/0.4-inventory.json,AIXEM-RELEASE-040-001,The nested 0.3 baseline is audit-preserved by digest and disposition rather than copied into the 0.5 source tree.
baseline/aixem-component-graphics-baseline-0.3-2026-08-10/baseline/aixem-wd-0.4-2026-08-10-original/tests/corpus/negative/endpoint_multiple_nets.aixem,sha256:ad44432921fba192b64a39f776072819bf6ea9243f005b9f05c84139670bed36,archived-by-inventory,legacy/0.4-inventory.json,AIXEM-RELEASE-040-001,The nested 0.3 baseline is audit-preserved by digest and disposition rather than copied into the 0.5 source tree.
baseline/aixem-component-graphics-baseline-0.3-2026-08-10/baseline/aixem-wd-0.4-2026-08-10-original/tests/corpus/negative/invalid_identifier.aixem,sha256:a9061894410c6f4cce7ecd6e3807e38b239491a7ddafeedadf28a2cc40a43d6f,archived-by-inventory,legacy/0.4-inventory.json,AIXEM-RELEASE-040-001,The nested 0.3 baseline is audit-preserved by digest and disposition rather than copied into the 0.5 source tree.
baseline/aixem-component-graphics-baseline-0.3-2026-08-10/baseline/aixem-wd-0.4-2026-08-10-original/tests/corpus/negative/invalid_utf8.aixem.bin,sha256:06cd4a27eb870694ac03a60596effc12ec5c3f44d9953665b676dca6cfffeb51,archived-by-inventory,legacy/0.4-inventory.json,AIXEM-RELEASE-040-001,The nested 0.3 baseline is audit-preserved by digest and disposition rather than copied into the 0.5 source tree.
baseline/aixem-component-graphics-baseline-0.3-2026-08-10/baseline/aixem-wd-0.4-2026-08-10-original/tests/corpus/negative/missing_header.aixem,sha256:83afe4e5fd463351cedeb0cc10e8a7ba93d882fb8a706ead48b6e20d011a197f,archived-by-inventory,legacy/0.4-inventory.json,AIXEM-RELEASE-040-001,The nested 0.3 baseline is audit-preserved by digest and disposition rather than copied into the 0.5 source tree.
baseline/aixem-component-graphics-baseline-0.3-2026-08-10/baseline/aixem-wd-0.4-2026-08-10-original/tests/corpus/negative/missing_model.aixem,sha256:46089e3b56cabfa1b8627a5883ddb0106cdf9dabbf09b68aa72c8a24d18a105f,archived-by-inventory,legacy/0.4-inventory.json,AIXEM-RELEASE-040-001,The nested 0.3 baseline is audit-preserved by digest and disposition rather than copied into the 0.5 source tree.
baseline/aixem-component-graphics-baseline-0.3-2026-08-10/baseline/aixem-wd-0.4-2026-08-10-original/tests/corpus/negative/noconn_connected.aixem,sha256:6afef79768dea2731b86c680687d9506b3a9f934179186b3612189196218d56b,archived-by-inventory,legacy/0.4-inventory.json,AIXEM-RELEASE-040-001,The nested 0.3 baseline is audit-preserved by digest and disposition rather than copied into the 0.5 source tree.
baseline/aixem-component-graphics-baseline-0.3-2026-08-10/baseline/aixem-wd-0.4-2026-08-10-original/tests/corpus/negative/nul_octet.aixem.bin,sha256:cd3c5585197cc16fac30001a73677ea7ab18e4061facb78c80cc7002aec73ee9,archived-by-inventory,legacy/0.4-inventory.json,AIXEM-RELEASE-040-001,The nested 0.3 baseline is audit-preserved by digest and disposition rather than copied into the 0.5 source tree.
baseline/aixem-component-graphics-baseline-0.3-2026-08-10/baseline/aixem-wd-0.4-2026-08-10-original/tests/corpus/negative/unknown_keyword.aixem,sha256:69a103013b4848cd6969794d091906678ffdab6d875b1b19fb6d3252c33271c0,archived-by-inventory,legacy/0.4-inventory.json,AIXEM-RELEASE-040-001,The nested 0.3 baseline is audit-preserved by digest and disposition rather than copied into the 0.5 source tree.
baseline/aixem-component-graphics-baseline-0.3-2026-08-10/baseline/aixem-wd-0.4-2026-08-10-original/tests/corpus/negative/unknown_required_feature.aixem,sha256:3e40e6a9e5bae0807f56488efce240690444b14f4bf599955a9947f76531ba07,archived-by-inventory,legacy/0.4-inventory.json,AIXEM-RELEASE-040-001,The nested 0.3 baseline is audit-preserved by digest and disposition rather than copied into the 0.5 source tree.
baseline/aixem-component-graphics-baseline-0.3-2026-08-10/baseline/aixem-wd-0.4-2026-08-10-original/tests/corpus/negative/unresolved_owner.aixem,sha256:aa2201f52051492b370f095296291af8d00df7cdcfadad46d92bac7ef980f148,archived-by-inventory,legacy/0.4-inventory.json,AIXEM-RELEASE-040-001,The nested 0.3 baseline is audit-preserved by digest and disposition rather than copied into the 0.5 source tree.
baseline/aixem-component-graphics-baseline-0.3-2026-08-10/baseline/aixem-wd-0.4-2026-08-10-original/tests/corpus/negative/unterminated_string.aixem,sha256:89f945d4e81541ff93a0bc55c21cf361d91ab7db6db4278530c65444ef48c2db,archived-by-inventory,legacy/0.4-inventory.json,AIXEM-RELEASE-040-001,The nested 0.3 baseline is audit-preserved by digest and disposition rather than copied into the 0.5 source tree.
baseline/aixem-component-graphics-baseline-0.3-2026-08-10/baseline/aixem-wd-0.4-2026-08-10-original/tests/corpus/positive/comments_crlf_input.aixem,sha256:544f63e407659d535582f8eb4b701e2902fed55f6bede23c793041c1f4037a4e,archived-by-inventory,legacy/0.4-inventory.json,AIXEM-RELEASE-040-001,The nested 0.3 baseline is audit-preserved by digest and disposition rather than copied into the 0.5 source tree.
baseline/aixem-component-graphics-baseline-0.3-2026-08-10/baseline/aixem-wd-0.4-2026-08-10-original/tests/corpus/positive/hierarchy.aixem,sha256:8f838eaeb488c113cb23f736f2647af11ea1b1a0b0ab808018231b008eede141,archived-by-inventory,legacy/0.4-inventory.json,AIXEM-RELEASE-040-001,The nested 0.3 baseline is audit-preserved by digest and disposition rather than copied into the 0.5 source tree.
baseline/aixem-component-graphics-baseline-0.3-2026-08-10/baseline/aixem-wd-0.4-2026-08-10-original/tests/corpus/positive/minimal.aixem,sha256:a940d38f68dae16508e118a4472d20dcd92ef2c1271d7998ffed3ef529b89a13,archived-by-inventory,legacy/0.4-inventory.json,AIXEM-RELEASE-040-001,The nested 0.3 baseline is audit-preserved by digest and disposition rather than copied into the 0.5 source tree.
baseline/aixem-component-graphics-baseline-0.3-2026-08-10/baseline/aixem-wd-0.4-2026-08-10-original/tests/corpus/positive/optional_extension.aixem,sha256:370a595b3a63c0475271948397a488f05c51746a1f572b93414280f1cb2efcfb,archived-by-inventory,legacy/0.4-inventory.json,AIXEM-RELEASE-040-001,The nested 0.3 baseline is audit-preserved by digest and disposition rather than copied into the 0.5 source tree.
baseline/aixem-component-graphics-baseline-0.3-2026-08-10/baseline/aixem-wd-0.4-2026-08-10-original/tests/corpus/positive/quoted_net.aixem,sha256:b5c65f4ada64fe7597420bd9fa4f11cd4475e183e078139b4b50698200b51c6a,archived-by-inventory,legacy/0.4-inventory.json,AIXEM-RELEASE-040-001,The nested 0.3 baseline is audit-preserved by digest and disposition rather than copied into the 0.5 source tree.
baseline/aixem-component-graphics-baseline-0.3-2026-08-10/baseline/aixem-wd-0.4-2026-08-10-original/tools/build_release.py,sha256:b285aaa9cb7206f7d8d924f92bee5d1502f457142ffb1a0683ed2764b61d66fb,archived-by-inventory,legacy/0.4-inventory.json,AIXEM-RELEASE-040-001,The nested 0.3 baseline is audit-preserved by digest and disposition rather than copied into the 0.5 source tree.
baseline/aixem-component-graphics-baseline-0.3-2026-08-10/baseline/aixem-wd-0.4-2026-08-10-original/tools/validate_iso_readiness.py,sha256:d69401f58111bb6ee10a8f30e025fc69d2adf5bcfddb55c7f52161e01ab453bc,archived-by-inventory,legacy/0.4-inventory.json,AIXEM-RELEASE-040-001,The nested 0.3 baseline is audit-preserved by digest and disposition rather than copied into the 0.5 source tree.
baseline/aixem-component-graphics-baseline-0.3-2026-08-10/baseline/aixem-wd-0.4-2026-08-10-original/validation/loop1-final.json,sha256:68d0489d0c6d02652617232845e89848bed2115b8a3816cbc85105307990e3b2,archived-by-inventory,legacy/0.4-inventory.json,AIXEM-RELEASE-040-001,The nested 0.3 baseline is audit-preserved by digest and disposition rather than copied into the 0.5 source tree.
baseline/aixem-component-graphics-baseline-0.3-2026-08-10/baseline/aixem-wd-0.4-2026-08-10-original/validation/loop1-initial.json,sha256:19be3adf26a8fd3348331f73487b67906f9d2532e422de4333673aedb7821704,archived-by-inventory,legacy/0.4-inventory.json,AIXEM-RELEASE-040-001,The nested 0.3 baseline is audit-preserved by digest and disposition rather than copied into the 0.5 source tree.
baseline/aixem-component-graphics-baseline-0.3-2026-08-10/baseline/aixem-wd-0.4-2026-08-10-original/validation/loop2-final.json,sha256:6bfa5447ff3aa4494669cdfe489d196ed3ade7f713cf0a4580101f1e54bf12c2,archived-by-inventory,legacy/0.4-inventory.json,AIXEM-RELEASE-040-001,The nested 0.3 baseline is audit-preserved by digest and disposition rather than copied into the 0.5 source tree.
baseline/aixem-component-graphics-baseline-0.3-2026-08-10/baseline/aixem-wd-0.4-2026-08-10-original/validation/loop2-initial.json,sha256:9734fcab82ef1e51ca49c41c322a01f25ee416a0826ccbd738a1af65526406df,archived-by-inventory,legacy/0.4-inventory.json,AIXEM-RELEASE-040-001,The nested 0.3 baseline is audit-preserved by digest and disposition rather than copied into the 0.5 source tree.
baseline/aixem-component-graphics-baseline-0.3-2026-08-10/baseline/aixem-wd-0.4-2026-08-10-original/validation/loop3-final.json,sha256:8e84224b41f4eb0b3ac95342c439b6c15d17814ca7f42b5c04f1fb5e90f2f73b,archived-by-inventory,legacy/0.4-inventory.json,AIXEM-RELEASE-040-001,The nested 0.3 baseline is audit-preserved by digest and disposition rather than copied into the 0.5 source tree.
baseline/aixem-component-graphics-baseline-0.3-2026-08-10/baseline/aixem-wd-0.4-2026-08-10-original/validation/loop3-initial.json,sha256:34638f9430dbfd8142000fb540b578125de11b068465936bd7ab738531657d88,archived-by-inventory,legacy/0.4-inventory.json,AIXEM-RELEASE-040-001,The nested 0.3 baseline is audit-preserved by digest and disposition rather than copied into the 0.5 source tree.
baseline/aixem-component-graphics-baseline-0.3-2026-08-10/baseline/aixem-wd-0.4-2026-08-10-original/validation/loop4-final.json,sha256:ccc22abed26dc34014fcbecc64c1bd769edb81a4bdc6a02d2970c3a6ba6eed7a,archived-by-inventory,legacy/0.4-inventory.json,AIXEM-RELEASE-040-001,The nested 0.3 baseline is audit-preserved by digest and disposition rather than copied into the 0.5 source tree.
baseline/aixem-component-graphics-baseline-0.3-2026-08-10/baseline/aixem-wd-0.4-2026-08-10-original/validation/loop4-initial.json,sha256:6af75ab307f4a933bdb6d37ffc849a1af3fa80be1ba741c6835bfe71a9fdf79a,archived-by-inventory,legacy/0.4-inventory.json,AIXEM-RELEASE-040-001,The nested 0.3 baseline is audit-preserved by digest and disposition rather than copied into the 0.5 source tree.
baseline/aixem-component-graphics-baseline-0.3-2026-08-10/baseline/aixem-wd-0.4-2026-08-10-original/validation/loop5-final.json,sha256:86c72fcdc00add3c3c0be6662f51cdf4aab94c4a7c57e26dbd5521fbf02d1790,archived-by-inventory,legacy/0.4-inventory.json,AIXEM-RELEASE-040-001,The nested 0.3 baseline is audit-preserved by digest and disposition rather than copied into the 0.5 source tree.
baseline/aixem-component-graphics-baseline-0.3-2026-08-10/baseline/aixem-wd-0.4-2026-08-10-original/validation/loop5-initial.json,sha256:734a4ce4a56c1cb70cd909b9073e081bfdc075bed5f2f3bac8a56d78059a5612,archived-by-inventory,legacy/0.4-inventory.json,AIXEM-RELEASE-040-001,The nested 0.3 baseline is audit-preserved by digest and disposition rather than copied into the 0.5 source tree.
baseline/aixem-component-graphics-baseline-0.3-2026-08-10/baseline/readme.md,sha256:42428476808fa71c64deb230d2edc90201a9828e1f1494a5f663afcd0c0e1eec,archived-by-inventory,legacy/0.4-inventory.json,AIXEM-RELEASE-040-001,The nested 0.3 baseline is audit-preserved by digest and disposition rather than copied into the 0.5 source tree.
baseline/aixem-component-graphics-baseline-0.3-2026-08-10/documents/00-document-control.md,sha256:043f42a2143bf03e5cc7c62cb802cf4ed6f3241cb4c43288a9c6ed536cb0e065,archived-by-inventory,legacy/0.4-inventory.json,AIXEM-RELEASE-040-001,The nested 0.3 baseline is audit-preserved by digest and disposition rather than copied into the 0.5 source tree.
baseline/aixem-component-graphics-baseline-0.3-2026-08-10/documents/01-project-charter.md,sha256:d6ab9e9446ec7fa1be042731371a36a70b07de9c48e673f1a3461df7450071a7,archived-by-inventory,legacy/0.4-inventory.json,AIXEM-RELEASE-040-001,The nested 0.3 baseline is audit-preserved by digest and disposition rather than copied into the 0.5 source tree.
baseline/aixem-component-graphics-baseline-0.3-2026-08-10/documents/02-reference-architecture.md,sha256:c725044b778dad57fb8492c5bb2f331b166b8f6c48966b1e55f5d75c3a25dcb6,archived-by-inventory,legacy/0.4-inventory.json,AIXEM-RELEASE-040-001,The nested 0.3 baseline is audit-preserved by digest and disposition rather than copied into the 0.5 source tree.
baseline/aixem-component-graphics-baseline-0.3-2026-08-10/documents/03-reference-processing-model.md,sha256:f0e820fc2f31fcb6bf1ea5f7af2e262aa81aa2fe57bda91265b49510237a69c8,archived-by-inventory,legacy/0.4-inventory.json,AIXEM-RELEASE-040-001,The nested 0.3 baseline is audit-preserved by digest and disposition rather than copied into the 0.5 source tree.
baseline/aixem-component-graphics-baseline-0.3-2026-08-10/documents/04-information-and-identity-model.md,sha256:d7a6b8ed6b30e89d3a925995fb37cbcc17fbca9887c4a2252640151fa1d05a4f,archived-by-inventory,legacy/0.4-inventory.json,AIXEM-RELEASE-040-001,The nested 0.3 baseline is audit-preserved by digest and disposition rather than copied into the 0.5 source tree.
baseline/aixem-component-graphics-baseline-0.3-2026-08-10/documents/05-conformance-and-evidence-model.md,sha256:bd4e574e8656419f2cf0936cc56d7f69ef4324dfb3ca2acd86435e2090849f86,archived-by-inventory,legacy/0.4-inventory.json,AIXEM-RELEASE-040-001,The nested 0.3 baseline is audit-preserved by digest and disposition rather than copied into the 0.5 source tree.
baseline/aixem-component-graphics-baseline-0.3-2026-08-10/documents/06-agent-transaction-and-change-control.md,sha256:a10244f81dc135145b8b909ec04914ba90d184e0a884f710621d18055e5b6a0f,archived-by-inventory,legacy/0.4-inventory.json,AIXEM-RELEASE-040-001,The nested 0.3 baseline is audit-preserved by digest and disposition rather than copied into the 0.5 source tree.
baseline/aixem-component-graphics-baseline-0.3-2026-08-10/documents/07-documentation-and-file-naming-policy.md,sha256:4ef040410d63ab5be03e1290f244e64dec12e59e07482551ffa57597eeb5a281,archived-by-inventory,legacy/0.4-inventory.json,AIXEM-RELEASE-040-001,The nested 0.3 baseline is audit-preserved by digest and disposition rather than copied into the 0.5 source tree.
baseline/aixem-component-graphics-baseline-0.3-2026-08-10/documents/08-terminology-and-nomenclature.md,sha256:2c3eeb5599ec22d0801dc5c74356d8e6f389752b8b44c3311869f88278aa2a1c,archived-by-inventory,legacy/0.4-inventory.json,AIXEM-RELEASE-040-001,The nested 0.3 baseline is audit-preserved by digest and disposition rather than copied into the 0.5 source tree.
baseline/aixem-component-graphics-baseline-0.3-2026-08-10/documents/09-implementation-baseline-status.md,sha256:b2818404b76dad4da57965ebf48d7d6baf1f33bd14312fca423e1297a996d257,archived-by-inventory,legacy/0.4-inventory.json,AIXEM-RELEASE-040-001,The nested 0.3 baseline is audit-preserved by digest and disposition rather than copied into the 0.5 source tree.
baseline/aixem-component-graphics-baseline-0.3-2026-08-10/documents/10-assurance-and-maturity-plan.md,sha256:9b82db6181eb8d9635d384ed6cc77d85c46f54f9ee3bcb3e698ed277b45c7e10,archived-by-inventory,legacy/0.4-inventory.json,AIXEM-RELEASE-040-001,The nested 0.3 baseline is audit-preserved by digest and disposition rather than copied into the 0.5 source tree.
baseline/aixem-component-graphics-baseline-0.3-2026-08-10/documents/11-architecture-decision-register.md,sha256:a4bf6a2c1206c63782e935fc8b294dc1eb403e5e5ed9e667bce7d80f84da61fb,archived-by-inventory,legacy/0.4-inventory.json,AIXEM-RELEASE-040-001,The nested 0.3 baseline is audit-preserved by digest and disposition rather than copied into the 0.5 source tree.
baseline/aixem-component-graphics-baseline-0.3-2026-08-10/documents/12-change-control.md,sha256:fb567ec5e3420b3eaf3ca8d26bf55bfba2627d6112d8c27ef7dd5e7a2b546365,archived-by-inventory,legacy/0.4-inventory.json,AIXEM-RELEASE-040-001,The nested 0.3 baseline is audit-preserved by digest and disposition rather than copied into the 0.5 source tree.
baseline/aixem-component-graphics-baseline-0.3-2026-08-10/documents/14-component-library-and-symbol-model.md,sha256:d0059704a470b0ce908abce051f4e7bef739d1e666f979d7fc778cfe605491cc,archived-by-inventory,legacy/0.4-inventory.json,AIXEM-RELEASE-040-001,The nested 0.3 baseline is audit-preserved by digest and disposition rather than copied into the 0.5 source tree.
baseline/aixem-component-graphics-baseline-0.3-2026-08-10/documents/15-cad-expressiveness-review.md,sha256:0c728f49d35160655e7295e1a1caa8db9f26c6674be61952278012029235e303,archived-by-inventory,legacy/0.4-inventory.json,AIXEM-RELEASE-040-001,The nested 0.3 baseline is audit-preserved by digest and disposition rather than copied into the 0.5 source tree.
baseline/aixem-component-graphics-baseline-0.3-2026-08-10/documents/16-example-projects-and-validation.md,sha256:f32cdb01d3de6a20713e9969bf302ce5042b7e10dab90ca184347f1f9fc3ffe9,archived-by-inventory,legacy/0.4-inventory.json,AIXEM-RELEASE-040-001,The nested 0.3 baseline is audit-preserved by digest and disposition rather than copied into the 0.5 source tree.
baseline/aixem-component-graphics-baseline-0.3-2026-08-10/documents/readme.md,sha256:d627bb855bb13aab4295cacefc7ac2ad0cd559caf4dd32ecb7e196a5a1287e2c,archived-by-inventory,legacy/0.4-inventory.json,AIXEM-RELEASE-040-001,The nested 0.3 baseline is audit-preserved by digest and disposition rather than copied into the 0.5 source tree.
baseline/aixem-component-graphics-baseline-0.3-2026-08-10/examples/architecture-compact-studio-electrical-plan/compact-studio-electrical-plan.aixem,sha256:38e20f5f20fa52ec7f1c0c7e6b5c048654921ead6db935a943b9676aa7257363,archived-by-inventory,legacy/0.4-inventory.json,AIXEM-RELEASE-040-001,The nested 0.3 baseline is audit-preserved by digest and disposition rather than copied into the 0.5 source tree.
baseline/aixem-component-graphics-baseline-0.3-2026-08-10/examples/architecture-compact-studio-electrical-plan/compact-studio-electrical-plan.aixlayout.json,sha256:475e58ad13b3c5ec5a41f3f904a218e4c4626f11e8ea4f2bdb50c47e791ae0d3,archived-by-inventory,legacy/0.4-inventory.json,AIXEM-RELEASE-040-001,The nested 0.3 baseline is audit-preserved by digest and disposition rather than copied into the 0.5 source tree.
baseline/aixem-component-graphics-baseline-0.3-2026-08-10/examples/architecture-compact-studio-electrical-plan/evidence/determinism.json,sha256:994e35f8abee95c3cb07d35f9b302913a2a179def97c1323ac8ce54d409a57f5,archived-by-inventory,legacy/0.4-inventory.json,AIXEM-RELEASE-040-001,The nested 0.3 baseline is audit-preserved by digest and disposition rather than copied into the 0.5 source tree.
baseline/aixem-component-graphics-baseline-0.3-2026-08-10/examples/architecture-compact-studio-electrical-plan/evidence/project-validation.json,sha256:cb1c855aea6821ff336fe76865039a2d75caf6e351918f772e091eba04a69c2e,archived-by-inventory,legacy/0.4-inventory.json,AIXEM-RELEASE-040-001,The nested 0.3 baseline is audit-preserved by digest and disposition rather than copied into the 0.5 source tree.
baseline/aixem-component-graphics-baseline-0.3-2026-08-10/examples/architecture-compact-studio-electrical-plan/libraries/architecture-electrical-plan.aixlib.json,sha256:ef85c31bc86e1b82072f5363601ae6f3943b86a210cc728e1cbdb2aef8d1af04,archived-by-inventory,legacy/0.4-inventory.json,AIXEM-RELEASE-040-001,The nested 0.3 baseline is audit-preserved by digest and disposition rather than copied into the 0.5 source tree.
baseline/aixem-component-graphics-baseline-0.3-2026-08-10/examples/architecture-compact-studio-electrical-plan/project.aixproj.json,sha256:1bdd468ad78dfed481601adaae36a8e3220de78fc571f53ed7bb3a6bc7e458ea,archived-by-inventory,legacy/0.4-inventory.json,AIXEM-RELEASE-040-001,The nested 0.3 baseline is audit-preserved by digest and disposition rather than copied into the 0.5 source tree.
baseline/aixem-component-graphics-baseline-0.3-2026-08-10/examples/architecture-compact-studio-electrical-plan/readme.md,sha256:94b0e1e429201c0d4626116ae5f831c84490c3564b813357f12a0b7d5c7e80a6,archived-by-inventory,legacy/0.4-inventory.json,AIXEM-RELEASE-040-001,The nested 0.3 baseline is audit-preserved by digest and disposition rather than copied into the 0.5 source tree.
baseline/aixem-component-graphics-baseline-0.3-2026-08-10/examples/architecture-compact-studio-electrical-plan/render/drawing.svg,sha256:d9cdfa67034a197f02107f10fae90be1c574f4cac28a538db4180f36929b1a53,archived-by-inventory,legacy/0.4-inventory.json,AIXEM-RELEASE-040-001,The nested 0.3 baseline is audit-preserved by digest and disposition rather than copied into the 0.5 source tree.
baseline/aixem-component-graphics-baseline-0.3-2026-08-10/examples/architecture-compact-studio-electrical-plan/render/preview-mobile.png,sha256:93d1abf152a5f16c0f933d1ce1147cb83270e13b6d43ac2f9985325c0605023d,archived-by-inventory,legacy/0.4-inventory.json,AIXEM-RELEASE-040-001,The nested 0.3 baseline is audit-preserved by digest and disposition rather than copied into the 0.5 source tree.
baseline/aixem-component-graphics-baseline-0.3-2026-08-10/examples/architecture-compact-studio-electrical-plan/render/preview.png,sha256:658df429372070bd63925950cb8e0d4516093ceb9351b3b27ef6bbd6c61316be,archived-by-inventory,legacy/0.4-inventory.json,AIXEM-RELEASE-040-001,The nested 0.3 baseline is audit-preserved by digest and disposition rather than copied into the 0.5 source tree.
baseline/aixem-component-graphics-baseline-0.3-2026-08-10/examples/architecture-compact-studio-electrical-plan/render/render-manifest.json,sha256:e1206e12c24a72d80c960f1b6d9cc893ebeb3dde25c4be8ea58adf17fa5d12a6,archived-by-inventory,legacy/0.4-inventory.json,AIXEM-RELEASE-040-001,The nested 0.3 baseline is audit-preserved by digest and disposition rather than copied into the 0.5 source tree.
baseline/aixem-component-graphics-baseline-0.3-2026-08-10/examples/architecture-compact-studio-electrical-plan/render/resolved-scene.json,sha256:1d67aad84df951610df3e0a052e6603628dfdc46a20d88baf223917f8697c8e0,archived-by-inventory,legacy/0.4-inventory.json,AIXEM-RELEASE-040-001,The nested 0.3 baseline is audit-preserved by digest and disposition rather than copied into the 0.5 source tree.
baseline/aixem-component-graphics-baseline-0.3-2026-08-10/examples/architecture-compact-studio-electrical-plan/render/viewer.html,sha256:bece159249d69864275379659f953b55166ab1cc00d07b1905a55931c3041e9b,archived-by-inventory,legacy/0.4-inventory.json,AIXEM-RELEASE-040-001,The nested 0.3 baseline is audit-preserved by digest and disposition rather than copied into the 0.5 source tree.
baseline/aixem-component-graphics-baseline-0.3-2026-08-10/examples/architecture-compact-studio-electrical-plan/symbols/bed.aixsym.json,sha256:07203b5837356136a0aea7ae59eb1f9f3680a8b106640b2e9d8e683b91af6e76,archived-by-inventory,legacy/0.4-inventory.json,AIXEM-RELEASE-040-001,The nested 0.3 baseline is audit-preserved by digest and disposition rather than copied into the 0.5 source tree.
baseline/aixem-component-graphics-baseline-0.3-2026-08-10/examples/architecture-compact-studio-electrical-plan/symbols/ceiling-light.aixsym.json,sha256:a2780280c9a1b60df3af1928b7af838fe7e250310e9ee5a0aa3a5641ec972b2c,archived-by-inventory,legacy/0.4-inventory.json,AIXEM-RELEASE-040-001,The nested 0.3 baseline is audit-preserved by digest and disposition rather than copied into the 0.5 source tree.
baseline/aixem-component-graphics-baseline-0.3-2026-08-10/examples/architecture-compact-studio-electrical-plan/symbols/dining-table.aixsym.json,sha256:42752aa2b7626ea9604b94b5dc1b1a720b4fad67e5b12c9e745aa71b705a8089,archived-by-inventory,legacy/0.4-inventory.json,AIXEM-RELEASE-040-001,The nested 0.3 baseline is audit-preserved by digest and disposition rather than copied into the 0.5 source tree.
baseline/aixem-component-graphics-baseline-0.3-2026-08-10/examples/architecture-compact-studio-electrical-plan/symbols/distribution-board.aixsym.json,sha256:dc53b4fbed7991bfa0fc14d24b67786f86ed87a0ce356c4a86cf4e28a87d1ed6,archived-by-inventory,legacy/0.4-inventory.json,AIXEM-RELEASE-040-001,The nested 0.3 baseline is audit-preserved by digest and disposition rather than copied into the 0.5 source tree.
baseline/aixem-component-graphics-baseline-0.3-2026-08-10/examples/architecture-compact-studio-electrical-plan/symbols/kitchen-counter.aixsym.json,sha256:f434c4d5869512eaf514fbcec009f6a20189c33920c95df479a1ad0edb9db0f1,archived-by-inventory,legacy/0.4-inventory.json,AIXEM-RELEASE-040-001,The nested 0.3 baseline is audit-preserved by digest and disposition rather than copied into the 0.5 source tree.
baseline/aixem-component-graphics-baseline-0.3-2026-08-10/examples/architecture-compact-studio-electrical-plan/symbols/receptacle.aixsym.json,sha256:603e90a3440c8c1d7028639fe8e35490ecbb943fe4ed3e838e797ce7325dcdc7,archived-by-inventory,legacy/0.4-inventory.json,AIXEM-RELEASE-040-001,The nested 0.3 baseline is audit-preserved by digest and disposition rather than copied into the 0.5 source tree.
baseline/aixem-component-graphics-baseline-0.3-2026-08-10/examples/architecture-compact-studio-electrical-plan/symbols/single-door.aixsym.json,sha256:401b04c62a7f62786c17d8673a6004a05b7bf34f7cc4154adf69e097bf17b4d8,archived-by-inventory,legacy/0.4-inventory.json,AIXEM-RELEASE-040-001,The nested 0.3 baseline is audit-preserved by digest and disposition rather than copied into the 0.5 source tree.
baseline/aixem-component-graphics-baseline-0.3-2026-08-10/examples/architecture-compact-studio-electrical-plan/symbols/sofa.aixsym.json,sha256:f3c0c316c2e363ed4d7f5860a52c5fb14fa24993a5468029b12115f5ae79e0c2,archived-by-inventory,legacy/0.4-inventory.json,AIXEM-RELEASE-040-001,The nested 0.3 baseline is audit-preserved by digest and disposition rather than copied into the 0.5 source tree.
baseline/aixem-component-graphics-baseline-0.3-2026-08-10/examples/architecture-compact-studio-electrical-plan/symbols/toilet.aixsym.json,sha256:c05a018997dbefdadf799295b3b319eccbc8160170ff972889aa25d52eaca0a0,archived-by-inventory,legacy/0.4-inventory.json,AIXEM-RELEASE-040-001,The nested 0.3 baseline is audit-preserved by digest and disposition rather than copied into the 0.5 source tree.
baseline/aixem-component-graphics-baseline-0.3-2026-08-10/examples/architecture-compact-studio-electrical-plan/symbols/wall-segment.aixsym.json,sha256:1e1eb3d616b462e455d5b811719b8e47417f0844351a0f560e65550d5e3b3bb9,archived-by-inventory,legacy/0.4-inventory.json,AIXEM-RELEASE-040-001,The nested 0.3 baseline is audit-preserved by digest and disposition rather than copied into the 0.5 source tree.
baseline/aixem-component-graphics-baseline-0.3-2026-08-10/examples/architecture-compact-studio-electrical-plan/symbols/wall-switch.aixsym.json,sha256:80a340f7984f84e57b03b864b5c75c2c9e0a06be71ebb0bfb45a721dde2af2e4,archived-by-inventory,legacy/0.4-inventory.json,AIXEM-RELEASE-040-001,The nested 0.3 baseline is audit-preserved by digest and disposition rather than copied into the 0.5 source tree.
baseline/aixem-component-graphics-baseline-0.3-2026-08-10/examples/architecture-compact-studio-electrical-plan/symbols/wash-basin.aixsym.json,sha256:eeb8d5502d0f5eba0d12588c63f5e04360f4f374eac0ba5e7abd41e9bffecc1f,archived-by-inventory,legacy/0.4-inventory.json,AIXEM-RELEASE-040-001,The nested 0.3 baseline is audit-preserved by digest and disposition rather than copied into the 0.5 source tree.
baseline/aixem-component-graphics-baseline-0.3-2026-08-10/examples/architecture-compact-studio-electrical-plan/symbols/window.aixsym.json,sha256:32cac443e385273d9fbae4283085ddac1a61aab1b413f003c5d44066b4c96208,archived-by-inventory,legacy/0.4-inventory.json,AIXEM-RELEASE-040-001,The nested 0.3 baseline is audit-preserved by digest and disposition rather than copied into the 0.5 source tree.
baseline/aixem-component-graphics-baseline-0.3-2026-08-10/examples/electronics-industrial-sensor-interface/evidence/determinism.json,sha256:d609df06ae954c77aa94a5d92cccb39f90527c673dd0a625f7d49d5b2f8a2586,archived-by-inventory,legacy/0.4-inventory.json,AIXEM-RELEASE-040-001,The nested 0.3 baseline is audit-preserved by digest and disposition rather than copied into the 0.5 source tree.
baseline/aixem-component-graphics-baseline-0.3-2026-08-10/examples/electronics-industrial-sensor-interface/evidence/project-validation.json,sha256:8d76009017f27acb001e215c1accf35cbcd85e59043c67279aea3dde5f448890,archived-by-inventory,legacy/0.4-inventory.json,AIXEM-RELEASE-040-001,The nested 0.3 baseline is audit-preserved by digest and disposition rather than copied into the 0.5 source tree.
baseline/aixem-component-graphics-baseline-0.3-2026-08-10/examples/electronics-industrial-sensor-interface/industrial-sensor-interface.aixem,sha256:b7f6c50df6886a57148df27c8375e82fa88dcbfa0cdcccada5594eee9f9f6654,archived-by-inventory,legacy/0.4-inventory.json,AIXEM-RELEASE-040-001,The nested 0.3 baseline is audit-preserved by digest and disposition rather than copied into the 0.5 source tree.
baseline/aixem-component-graphics-baseline-0.3-2026-08-10/examples/electronics-industrial-sensor-interface/industrial-sensor-interface.aixlayout.json,sha256:deed32561a91a1b027148408c111947df7f3dbea0dbc787544c9811c01640d14,archived-by-inventory,legacy/0.4-inventory.json,AIXEM-RELEASE-040-001,The nested 0.3 baseline is audit-preserved by digest and disposition rather than copied into the 0.5 source tree.
baseline/aixem-component-graphics-baseline-0.3-2026-08-10/examples/electronics-industrial-sensor-interface/libraries/electronics-core.aixlib.json,sha256:94e8ade797d954000822c3f7430fe3d5a2e4074f51a078817847acbd0ab4dc2b,archived-by-inventory,legacy/0.4-inventory.json,AIXEM-RELEASE-040-001,The nested 0.3 baseline is audit-preserved by digest and disposition rather than copied into the 0.5 source tree.
baseline/aixem-component-graphics-baseline-0.3-2026-08-10/examples/electronics-industrial-sensor-interface/project.aixproj.json,sha256:e6d0f39011ad3659b51430ba42e2155c9e747975b40f483750a640f17d768447,archived-by-inventory,legacy/0.4-inventory.json,AIXEM-RELEASE-040-001,The nested 0.3 baseline is audit-preserved by digest and disposition rather than copied into the 0.5 source tree.
baseline/aixem-component-graphics-baseline-0.3-2026-08-10/examples/electronics-industrial-sensor-interface/readme.md,sha256:fdc982713d2f57d28347fb08053bc2708d5c302939e977c963fbe3e0d28c624b,archived-by-inventory,legacy/0.4-inventory.json,AIXEM-RELEASE-040-001,The nested 0.3 baseline is audit-preserved by digest and disposition rather than copied into the 0.5 source tree.
baseline/aixem-component-graphics-baseline-0.3-2026-08-10/examples/electronics-industrial-sensor-interface/render/drawing.svg,sha256:56368326db2ac3128244d2fbf844a38e6b44b275dd41848f0cde0afbc844e046,archived-by-inventory,legacy/0.4-inventory.json,AIXEM-RELEASE-040-001,The nested 0.3 baseline is audit-preserved by digest and disposition rather than copied into the 0.5 source tree.
baseline/aixem-component-graphics-baseline-0.3-2026-08-10/examples/electronics-industrial-sensor-interface/render/preview-mobile.png,sha256:513ad02ef5baaea3a9221846bc411f23a3e0ea5e93e7891b5c212ab4ea4d9ffb,archived-by-inventory,legacy/0.4-inventory.json,AIXEM-RELEASE-040-001,The nested 0.3 baseline is audit-preserved by digest and disposition rather than copied into the 0.5 source tree.
baseline/aixem-component-graphics-baseline-0.3-2026-08-10/examples/electronics-industrial-sensor-interface/render/preview.png,sha256:90af68c8afd24c7bdeb4ce85358cb2118ab4a9390ea90ceb586765d337966fd3,archived-by-inventory,legacy/0.4-inventory.json,AIXEM-RELEASE-040-001,The nested 0.3 baseline is audit-preserved by digest and disposition rather than copied into the 0.5 source tree.
baseline/aixem-component-graphics-baseline-0.3-2026-08-10/examples/electronics-industrial-sensor-interface/render/render-manifest.json,sha256:d441b56700ef6ace3a84287c4ed27bb513cee7dea1753e912600e9cfaa1feb4f,archived-by-inventory,legacy/0.4-inventory.json,AIXEM-RELEASE-040-001,The nested 0.3 baseline is audit-preserved by digest and disposition rather than copied into the 0.5 source tree.
baseline/aixem-component-graphics-baseline-0.3-2026-08-10/examples/electronics-industrial-sensor-interface/render/resolved-scene.json,sha256:102bf7f1cffb8bc44aed22a016824e75f47a4582a4387292a5599297ad14e9f2,archived-by-inventory,legacy/0.4-inventory.json,AIXEM-RELEASE-040-001,The nested 0.3 baseline is audit-preserved by digest and disposition rather than copied into the 0.5 source tree.
baseline/aixem-component-graphics-baseline-0.3-2026-08-10/examples/electronics-industrial-sensor-interface/render/viewer.html,sha256:6e2d0408f52a5af076114ceef10c9374522da3b6f28183c4b88b6eb03ed2e5d1,archived-by-inventory,legacy/0.4-inventory.json,AIXEM-RELEASE-040-001,The nested 0.3 baseline is audit-preserved by digest and disposition rather than copied into the 0.5 source tree.
baseline/aixem-component-graphics-baseline-0.3-2026-08-10/examples/electronics-industrial-sensor-interface/symbols/buck-regulator.aixsym.json,sha256:794d2154b3821a288933bdb8cc03daa5d68237fd0de2d50c7d5538d76dc24655,archived-by-inventory,legacy/0.4-inventory.json,AIXEM-RELEASE-040-001,The nested 0.3 baseline is audit-preserved by digest and disposition rather than copied into the 0.5 source tree.
baseline/aixem-component-graphics-baseline-0.3-2026-08-10/examples/electronics-industrial-sensor-interface/symbols/capacitor.aixsym.json,sha256:a4a46557016e7f828965780176b0b1501fb360eb7d5a3a6e703d3d4341fb7ee4,archived-by-inventory,legacy/0.4-inventory.json,AIXEM-RELEASE-040-001,The nested 0.3 baseline is audit-preserved by digest and disposition rather than copied into the 0.5 source tree.
baseline/aixem-component-graphics-baseline-0.3-2026-08-10/examples/electronics-industrial-sensor-interface/symbols/fuse.aixsym.json,sha256:7bad704b4ef0626566c343e2ddd516e2007edece2c2d8f9b4bd301f4d6df5558,archived-by-inventory,legacy/0.4-inventory.json,AIXEM-RELEASE-040-001,The nested 0.3 baseline is audit-preserved by digest and disposition rather than copied into the 0.5 source tree.
baseline/aixem-component-graphics-baseline-0.3-2026-08-10/examples/electronics-industrial-sensor-interface/symbols/led.aixsym.json,sha256:4ece48f40e0fc2b2f87c553c1d7efb706b46d89579919b36fc41c0631b789d79,archived-by-inventory,legacy/0.4-inventory.json,AIXEM-RELEASE-040-001,The nested 0.3 baseline is audit-preserved by digest and disposition rather than copied into the 0.5 source tree.
baseline/aixem-component-graphics-baseline-0.3-2026-08-10/examples/electronics-industrial-sensor-interface/symbols/mcu-adc.aixsym.json,sha256:c1e57b812e2938310e659e2040d485aeccee915e960296dec945b31262335ed4,archived-by-inventory,legacy/0.4-inventory.json,AIXEM-RELEASE-040-001,The nested 0.3 baseline is audit-preserved by digest and disposition rather than copied into the 0.5 source tree.
baseline/aixem-component-graphics-baseline-0.3-2026-08-10/examples/electronics-industrial-sensor-interface/symbols/resistor.aixsym.json,sha256:c30ee87185bc5d5596739bb0343f99a0a602256dd768ea8c58a466eab28d8de8,archived-by-inventory,legacy/0.4-inventory.json,AIXEM-RELEASE-040-001,The nested 0.3 baseline is audit-preserved by digest and disposition rather than copied into the 0.5 source tree.
baseline/aixem-component-graphics-baseline-0.3-2026-08-10/examples/electronics-industrial-sensor-interface/symbols/sensor-connector-3.aixsym.json,sha256:44a4b48baec34076c56d390d8b7dbb62e7462673c8c2a28f5b87068ea8f67431,archived-by-inventory,legacy/0.4-inventory.json,AIXEM-RELEASE-040-001,The nested 0.3 baseline is audit-preserved by digest and disposition rather than copied into the 0.5 source tree.
baseline/aixem-component-graphics-baseline-0.3-2026-08-10/examples/electronics-industrial-sensor-interface/symbols/terminal-2.aixsym.json,sha256:5042a45420e4239d9fa9d2f3fdce81c9c932b42286b6ba13ca33b80877e0f4ce,archived-by-inventory,legacy/0.4-inventory.json,AIXEM-RELEASE-040-001,The nested 0.3 baseline is audit-preserved by digest and disposition rather than copied into the 0.5 source tree.
baseline/aixem-component-graphics-baseline-0.3-2026-08-10/examples/electronics-industrial-sensor-interface/symbols/tvs-diode.aixsym.json,sha256:4ab8d69e24b6e46dda934f2d97ff4b355d116b773e1d4650d1064778f6ce6469,archived-by-inventory,legacy/0.4-inventory.json,AIXEM-RELEASE-040-001,The nested 0.3 baseline is audit-preserved by digest and disposition rather than copied into the 0.5 source tree.
baseline/aixem-component-graphics-baseline-0.3-2026-08-10/implementation/aixem-go/cmd/aixem/main.go,sha256:f56c7284ae2059c05d9e6d5262fe29c1a61ff08aa8029a6756554e449b9d03cb,archived-by-inventory,legacy/0.4-inventory.json,AIXEM-RELEASE-040-001,The nested 0.3 baseline is audit-preserved by digest and disposition rather than copied into the 0.5 source tree.
baseline/aixem-component-graphics-baseline-0.3-2026-08-10/implementation/aixem-go/cmd/aixem-wasm/main_js.go,sha256:02cb2637fa8bdffda28e60832285b2b3e24444f027caa6bcdde4a0295b131ee2,archived-by-inventory,legacy/0.4-inventory.json,AIXEM-RELEASE-040-001,The nested 0.3 baseline is audit-preserved by digest and disposition rather than copied into the 0.5 source tree.
baseline/aixem-component-graphics-baseline-0.3-2026-08-10/implementation/aixem-go/cmd/aixem-wasm/main_stub.go,sha256:ed31d76687b656ff0588e1b16169ec75e993329325e65ee30354731d4e1525b0,archived-by-inventory,legacy/0.4-inventory.json,AIXEM-RELEASE-040-001,The nested 0.3 baseline is audit-preserved by digest and disposition rather than copied into the 0.5 source tree.
baseline/aixem-component-graphics-baseline-0.3-2026-08-10/implementation/aixem-go/go.mod,sha256:e09f7d8e2fea0a46e6503ccb3e669c0f58cb8f2e1b11c0535b9e3f4f0529543d,archived-by-inventory,legacy/0.4-inventory.json,AIXEM-RELEASE-040-001,The nested 0.3 baseline is audit-preserved by digest and disposition rather than copied into the 0.5 source tree.
baseline/aixem-component-graphics-baseline-0.3-2026-08-10/implementation/aixem-go/internal/version/version.go,sha256:12cc3107f2ed143d81dd269739253ccddb515cfcc4aa329b0293a327ae7f6da5,archived-by-inventory,legacy/0.4-inventory.json,AIXEM-RELEASE-040-001,The nested 0.3 baseline is audit-preserved by digest and disposition rather than copied into the 0.5 source tree.
baseline/aixem-component-graphics-baseline-0.3-2026-08-10/implementation/aixem-go/pkg/aixem/aixem_test.go,sha256:c4c7dc457fd46715cc1d3640d6b1a3d3d7c06ec3d0c0382f2892446f8040cf60,archived-by-inventory,legacy/0.4-inventory.json,AIXEM-RELEASE-040-001,The nested 0.3 baseline is audit-preserved by digest and disposition rather than copied into the 0.5 source tree.
baseline/aixem-component-graphics-baseline-0.3-2026-08-10/implementation/aixem-go/pkg/aixem/canonical_json.go,sha256:cd482364812dea19484bb89685ec230c7b30bd2d6a18ceca375a2e433f667a20,archived-by-inventory,legacy/0.4-inventory.json,AIXEM-RELEASE-040-001,The nested 0.3 baseline is audit-preserved by digest and disposition rather than copied into the 0.5 source tree.
baseline/aixem-component-graphics-baseline-0.3-2026-08-10/implementation/aixem-go/pkg/aixem/compile.go,sha256:4cbf26e315e094221497fbaade0d1090599edff132ffdc868d9a2cf93d25942d,archived-by-inventory,legacy/0.4-inventory.json,AIXEM-RELEASE-040-001,The nested 0.3 baseline is audit-preserved by digest and disposition rather than copied into the 0.5 source tree.
baseline/aixem-component-graphics-baseline-0.3-2026-08-10/implementation/aixem-go/pkg/aixem/conformance.go,sha256:102da8e9623ce221fb6acd775ee5b6bce6c6a5855da6de67751663ffdb09c5bf,archived-by-inventory,legacy/0.4-inventory.json,AIXEM-RELEASE-040-001,The nested 0.3 baseline is audit-preserved by digest and disposition rather than copied into the 0.5 source tree.
baseline/aixem-component-graphics-baseline-0.3-2026-08-10/implementation/aixem-go/pkg/aixem/diagnostic.go,sha256:dc3446ad12506d36969b136f8e48ea78c632c44b226f6992cd67be8cb888b8e1,archived-by-inventory,legacy/0.4-inventory.json,AIXEM-RELEASE-040-001,The nested 0.3 baseline is audit-preserved by digest and disposition rather than copied into the 0.5 source tree.
baseline/aixem-component-graphics-baseline-0.3-2026-08-10/implementation/aixem-go/pkg/aixem/formatter.go,sha256:529327b2f641579c215824f3aaac8d210f17c7a9764065ddfad15c170e63f1de,archived-by-inventory,legacy/0.4-inventory.json,AIXEM-RELEASE-040-001,The nested 0.3 baseline is audit-preserved by digest and disposition rather than copied into the 0.5 source tree.
baseline/aixem-component-graphics-baseline-0.3-2026-08-10/implementation/aixem-go/pkg/aixem/html.go,sha256:fbb55b450cdc54ea82dfa2b3ed2ca0a268d3dcc1416e3d958360d0badbf18c5b,archived-by-inventory,legacy/0.4-inventory.json,AIXEM-RELEASE-040-001,The nested 0.3 baseline is audit-preserved by digest and disposition rather than copied into the 0.5 source tree.
baseline/aixem-component-graphics-baseline-0.3-2026-08-10/implementation/aixem-go/pkg/aixem/layout.go,sha256:b35a242992d14240e4507fcff65bf578c003f26139ba0c24ff351c2a89127132,archived-by-inventory,legacy/0.4-inventory.json,AIXEM-RELEASE-040-001,The nested 0.3 baseline is audit-preserved by digest and disposition rather than copied into the 0.5 source tree.
baseline/aixem-component-graphics-baseline-0.3-2026-08-10/implementation/aixem-go/pkg/aixem/lexer.go,sha256:25576b6127181523f61a0bbdfcf3fa61e828af01365ae2513eb64ae87b1c9398,archived-by-inventory,legacy/0.4-inventory.json,AIXEM-RELEASE-040-001,The nested 0.3 baseline is audit-preserved by digest and disposition rather than copied into the 0.5 source tree.
baseline/aixem-component-graphics-baseline-0.3-2026-08-10/implementation/aixem-go/pkg/aixem/parser.go,sha256:c0eeb1778c7ea3dae01d3dd3191cf3a75d9d4696f66ba92bf7f27e7a29cf0f74,archived-by-inventory,legacy/0.4-inventory.json,AIXEM-RELEASE-040-001,The nested 0.3 baseline is audit-preserved by digest and disposition rather than copied into the 0.5 source tree.
baseline/aixem-component-graphics-baseline-0.3-2026-08-10/implementation/aixem-go/pkg/aixem/render.go,sha256:b45d640fde191eb6526eacf84f1f889b2297ac82f0ed8d13baec2644614d9378,archived-by-inventory,legacy/0.4-inventory.json,AIXEM-RELEASE-040-001,The nested 0.3 baseline is audit-preserved by digest and disposition rather than copied into the 0.5 source tree.
baseline/aixem-component-graphics-baseline-0.3-2026-08-10/implementation/aixem-go/pkg/aixem/semantic.go,sha256:13d956e381409ab7dac5119f0ac4e50e7b12fc57ea45d0196e41b4a36a4c8900,archived-by-inventory,legacy/0.4-inventory.json,AIXEM-RELEASE-040-001,The nested 0.3 baseline is audit-preserved by digest and disposition rather than copied into the 0.5 source tree.
baseline/aixem-component-graphics-baseline-0.3-2026-08-10/implementation/aixem-go/pkg/aixem/testdata/examples/esp32-sensor.aixem,sha256:30b48d9c3ae4634a32985117f6f0702a9078af77ce8a8af4f483a7a7b20b4e42,archived-by-inventory,legacy/0.4-inventory.json,AIXEM-RELEASE-040-001,The nested 0.3 baseline is audit-preserved by digest and disposition rather than copied into the 0.5 source tree.
baseline/aixem-component-graphics-baseline-0.3-2026-08-10/implementation/aixem-go/pkg/aixem/testdata/examples/voltage-divider.aixem,sha256:99e34f2fda5e0618cfa0443f549f7e7086839781c7ed4e2a66add158db0a48f2,archived-by-inventory,legacy/0.4-inventory.json,AIXEM-RELEASE-040-001,The nested 0.3 baseline is audit-preserved by digest and disposition rather than copied into the 0.5 source tree.
baseline/aixem-component-graphics-baseline-0.3-2026-08-10/implementation/aixem-go/pkg/aixem/testdata/package/tests/corpus/corpus-manifest.json,sha256:deef72079322491e3c9efc7ccb994d305467d413629e23251bb5e666a79ce1ce,archived-by-inventory,legacy/0.4-inventory.json,AIXEM-RELEASE-040-001,The nested 0.3 baseline is audit-preserved by digest and disposition rather than copied into the 0.5 source tree.
baseline/aixem-component-graphics-baseline-0.3-2026-08-10/implementation/aixem-go/pkg/aixem/testdata/package/tests/corpus/negative/bom.aixem.bin,sha256:4859eb2d8c0571c30d716dc573126751c3a4b801b89c673dd49bdb59a9885055,archived-by-inventory,legacy/0.4-inventory.json,AIXEM-RELEASE-040-001,The nested 0.3 baseline is audit-preserved by digest and disposition rather than copied into the 0.5 source tree.
baseline/aixem-component-graphics-baseline-0.3-2026-08-10/implementation/aixem-go/pkg/aixem/testdata/package/tests/corpus/negative/duplicate_attribute.aixem,sha256:0f92217b1d68f0c1bfbd3566ecb7633cbb3c841f9b06765a1bd74c8187af7e90,archived-by-inventory,legacy/0.4-inventory.json,AIXEM-RELEASE-040-001,The nested 0.3 baseline is audit-preserved by digest and disposition rather than copied into the 0.5 source tree.
baseline/aixem-component-graphics-baseline-0.3-2026-08-10/implementation/aixem-go/pkg/aixem/testdata/package/tests/corpus/negative/duplicate_endpoint.aixem,sha256:126b21cd5fd188583e433bbf3c1c04c1676e595fd78956ef06af4c4e5a78eb88,archived-by-inventory,legacy/0.4-inventory.json,AIXEM-RELEASE-040-001,The nested 0.3 baseline is audit-preserved by digest and disposition rather than copied into the 0.5 source tree.
baseline/aixem-component-graphics-baseline-0.3-2026-08-10/implementation/aixem-go/pkg/aixem/testdata/package/tests/corpus/negative/duplicate_key.aixem,sha256:aedee4211efce84e2ac84103f89d932d7ecbb8968597a5febaeaffc3f7a9b01d,archived-by-inventory,legacy/0.4-inventory.json,AIXEM-RELEASE-040-001,The nested 0.3 baseline is audit-preserved by digest and disposition rather than copied into the 0.5 source tree.
baseline/aixem-component-graphics-baseline-0.3-2026-08-10/implementation/aixem-go/pkg/aixem/testdata/package/tests/corpus/negative/endpoint_multiple_nets.aixem,sha256:ad44432921fba192b64a39f776072819bf6ea9243f005b9f05c84139670bed36,archived-by-inventory,legacy/0.4-inventory.json,AIXEM-RELEASE-040-001,The nested 0.3 baseline is audit-preserved by digest and disposition rather than copied into the 0.5 source tree.
baseline/aixem-component-graphics-baseline-0.3-2026-08-10/implementation/aixem-go/pkg/aixem/testdata/package/tests/corpus/negative/invalid_identifier.aixem,sha256:a9061894410c6f4cce7ecd6e3807e38b239491a7ddafeedadf28a2cc40a43d6f,archived-by-inventory,legacy/0.4-inventory.json,AIXEM-RELEASE-040-001,The nested 0.3 baseline is audit-preserved by digest and disposition rather than copied into the 0.5 source tree.
baseline/aixem-component-graphics-baseline-0.3-2026-08-10/implementation/aixem-go/pkg/aixem/testdata/package/tests/corpus/negative/invalid_utf8.aixem.bin,sha256:06cd4a27eb870694ac03a60596effc12ec5c3f44d9953665b676dca6cfffeb51,archived-by-inventory,legacy/0.4-inventory.json,AIXEM-RELEASE-040-001,The nested 0.3 baseline is audit-preserved by digest and disposition rather than copied into the 0.5 source tree.
baseline/aixem-component-graphics-baseline-0.3-2026-08-10/implementation/aixem-go/pkg/aixem/testdata/package/tests/corpus/negative/missing_header.aixem,sha256:83afe4e5fd463351cedeb0cc10e8a7ba93d882fb8a706ead48b6e20d011a197f,archived-by-inventory,legacy/0.4-inventory.json,AIXEM-RELEASE-040-001,The nested 0.3 baseline is audit-preserved by digest and disposition rather than copied into the 0.5 source tree.
baseline/aixem-component-graphics-baseline-0.3-2026-08-10/implementation/aixem-go/pkg/aixem/testdata/package/tests/corpus/negative/missing_model.aixem,sha256:46089e3b56cabfa1b8627a5883ddb0106cdf9dabbf09b68aa72c8a24d18a105f,archived-by-inventory,legacy/0.4-inventory.json,AIXEM-RELEASE-040-001,The nested 0.3 baseline is audit-preserved by digest and disposition rather than copied into the 0.5 source tree.
baseline/aixem-component-graphics-baseline-0.3-2026-08-10/implementation/aixem-go/pkg/aixem/testdata/package/tests/corpus/negative/noconn_connected.aixem,sha256:6afef79768dea2731b86c680687d9506b3a9f934179186b3612189196218d56b,archived-by-inventory,legacy/0.4-inventory.json,AIXEM-RELEASE-040-001,The nested 0.3 baseline is audit-preserved by digest and disposition rather than copied into the 0.5 source tree.
baseline/aixem-component-graphics-baseline-0.3-2026-08-10/implementation/aixem-go/pkg/aixem/testdata/package/tests/corpus/negative/nul_octet.aixem.bin,sha256:cd3c5585197cc16fac30001a73677ea7ab18e4061facb78c80cc7002aec73ee9,archived-by-inventory,legacy/0.4-inventory.json,AIXEM-RELEASE-040-001,The nested 0.3 baseline is audit-preserved by digest and disposition rather than copied into the 0.5 source tree.
baseline/aixem-component-graphics-baseline-0.3-2026-08-10/implementation/aixem-go/pkg/aixem/testdata/package/tests/corpus/negative/unknown_keyword.aixem,sha256:69a103013b4848cd6969794d091906678ffdab6d875b1b19fb6d3252c33271c0,archived-by-inventory,legacy/0.4-inventory.json,AIXEM-RELEASE-040-001,The nested 0.3 baseline is audit-preserved by digest and disposition rather than copied into the 0.5 source tree.
baseline/aixem-component-graphics-baseline-0.3-2026-08-10/implementation/aixem-go/pkg/aixem/testdata/package/tests/corpus/negative/unknown_required_feature.aixem,sha256:3e40e6a9e5bae0807f56488efce240690444b14f4bf599955a9947f76531ba07,archived-by-inventory,legacy/0.4-inventory.json,AIXEM-RELEASE-040-001,The nested 0.3 baseline is audit-preserved by digest and disposition rather than copied into the 0.5 source tree.
baseline/aixem-component-graphics-baseline-0.3-2026-08-10/implementation/aixem-go/pkg/aixem/testdata/package/tests/corpus/negative/unresolved_owner.aixem,sha256:aa2201f52051492b370f095296291af8d00df7cdcfadad46d92bac7ef980f148,archived-by-inventory,legacy/0.4-inventory.json,AIXEM-RELEASE-040-001,The nested 0.3 baseline is audit-preserved by digest and disposition rather than copied into the 0.5 source tree.
baseline/aixem-component-graphics-baseline-0.3-2026-08-10/implementation/aixem-go/pkg/aixem/testdata/package/tests/corpus/negative/unterminated_string.aixem,sha256:89f945d4e81541ff93a0bc55c21cf361d91ab7db6db4278530c65444ef48c2db,archived-by-inventory,legacy/0.4-inventory.json,AIXEM-RELEASE-040-001,The nested 0.3 baseline is audit-preserved by digest and disposition rather than copied into the 0.5 source tree.
baseline/aixem-component-graphics-baseline-0.3-2026-08-10/implementation/aixem-go/pkg/aixem/testdata/package/tests/corpus/positive/comments_crlf_input.aixem,sha256:544f63e407659d535582f8eb4b701e2902fed55f6bede23c793041c1f4037a4e,archived-by-inventory,legacy/0.4-inventory.json,AIXEM-RELEASE-040-001,The nested 0.3 baseline is audit-preserved by digest and disposition rather than copied into the 0.5 source tree.
baseline/aixem-component-graphics-baseline-0.3-2026-08-10/implementation/aixem-go/pkg/aixem/testdata/package/tests/corpus/positive/hierarchy.aixem,sha256:8f838eaeb488c113cb23f736f2647af11ea1b1a0b0ab808018231b008eede141,archived-by-inventory,legacy/0.4-inventory.json,AIXEM-RELEASE-040-001,The nested 0.3 baseline is audit-preserved by digest and disposition rather than copied into the 0.5 source tree.
baseline/aixem-component-graphics-baseline-0.3-2026-08-10/implementation/aixem-go/pkg/aixem/testdata/package/tests/corpus/positive/minimal.aixem,sha256:a940d38f68dae16508e118a4472d20dcd92ef2c1271d7998ffed3ef529b89a13,archived-by-inventory,legacy/0.4-inventory.json,AIXEM-RELEASE-040-001,The nested 0.3 baseline is audit-preserved by digest and disposition rather than copied into the 0.5 source tree.
baseline/aixem-component-graphics-baseline-0.3-2026-08-10/implementation/aixem-go/pkg/aixem/testdata/package/tests/corpus/positive/optional_extension.aixem,sha256:370a595b3a63c0475271948397a488f05c51746a1f572b93414280f1cb2efcfb,archived-by-inventory,legacy/0.4-inventory.json,AIXEM-RELEASE-040-001,The nested 0.3 baseline is audit-preserved by digest and disposition rather than copied into the 0.5 source tree.
baseline/aixem-component-graphics-baseline-0.3-2026-08-10/implementation/aixem-go/pkg/aixem/testdata/package/tests/corpus/positive/quoted_net.aixem,sha256:b5c65f4ada64fe7597420bd9fa4f11cd4475e183e078139b4b50698200b51c6a,archived-by-inventory,legacy/0.4-inventory.json,AIXEM-RELEASE-040-001,The nested 0.3 baseline is audit-preserved by digest and disposition rather than copied into the 0.5 source tree.
baseline/aixem-component-graphics-baseline-0.3-2026-08-10/implementation/aixem-go/pkg/aixem/transaction.go,sha256:eaf11ac6a672def64e27af8e5e4c84d87df34e99ac0c1df265d6ba1631d0aef5,archived-by-inventory,legacy/0.4-inventory.json,AIXEM-RELEASE-040-001,The nested 0.3 baseline is audit-preserved by digest and disposition rather than copied into the 0.5 source tree.
baseline/aixem-component-graphics-baseline-0.3-2026-08-10/implementation/aixem-go/pkg/aixem/types.go,sha256:e7841b4753047386b478910645720cef880943e5920d306e6dc714ab571f4230,archived-by-inventory,legacy/0.4-inventory.json,AIXEM-RELEASE-040-001,The nested 0.3 baseline is audit-preserved by digest and disposition rather than copied into the 0.5 source tree.
baseline/aixem-component-graphics-baseline-0.3-2026-08-10/implementation/component-graphics/generate-example-projects.py,sha256:b45ce2b4110000a898423c158aba13e1f0542dfeb3cfdfc2db8a2f0503efaf2c,archived-by-inventory,legacy/0.4-inventory.json,AIXEM-RELEASE-040-001,The nested 0.3 baseline is audit-preserved by digest and disposition rather than copied into the 0.5 source tree.
baseline/aixem-component-graphics-baseline-0.3-2026-08-10/implementation/component-graphics/readme.md,sha256:71854c8727ee507cb6f2cd16c6ecc2d0f19fa987356d27319e025192d90dc8c4,archived-by-inventory,legacy/0.4-inventory.json,AIXEM-RELEASE-040-001,The nested 0.3 baseline is audit-preserved by digest and disposition rather than copied into the 0.5 source tree.
baseline/aixem-component-graphics-baseline-0.3-2026-08-10/implementation/component-graphics/render-project.py,sha256:27580bee7c48f4250234ab5d06562adadf93c9cfad89a1a7d578d393a67c82a0,archived-by-inventory,legacy/0.4-inventory.json,AIXEM-RELEASE-040-001,The nested 0.3 baseline is audit-preserved by digest and disposition rather than copied into the 0.5 source tree.
baseline/aixem-component-graphics-baseline-0.3-2026-08-10/implementation/component-graphics/validate-component-graphics.py,sha256:48a6034a10913629050c6d63c981e0c888df54208c475547875eeff6661f2861,archived-by-inventory,legacy/0.4-inventory.json,AIXEM-RELEASE-040-001,The nested 0.3 baseline is audit-preserved by digest and disposition rather than copied into the 0.5 source tree.
baseline/aixem-component-graphics-baseline-0.3-2026-08-10/implementation/dependency-inventory.md,sha256:6c5396be4c8276272b76f684fad546d72947f0dee371719468cf3c7cfd806f80,archived-by-inventory,legacy/0.4-inventory.json,AIXEM-RELEASE-040-001,The nested 0.3 baseline is audit-preserved by digest and disposition rather than copied into the 0.5 source tree.
baseline/aixem-component-graphics-baseline-0.3-2026-08-10/implementation/docs/00-implementation-baseline.md,sha256:e5943c00cb9e7f2f928cfce2c86c168d102b0d4297a62d90cae57122c6854832,archived-by-inventory,legacy/0.4-inventory.json,AIXEM-RELEASE-040-001,The nested 0.3 baseline is audit-preserved by digest and disposition rather than copied into the 0.5 source tree.
baseline/aixem-component-graphics-baseline-0.3-2026-08-10/implementation/docs/01-reference-core-architecture.md,sha256:5c3c7112d0711b089cde83fc2b985726741ae0580897c530b5a511db5041f9b4,archived-by-inventory,legacy/0.4-inventory.json,AIXEM-RELEASE-040-001,The nested 0.3 baseline is audit-preserved by digest and disposition rather than copied into the 0.5 source tree.
baseline/aixem-component-graphics-baseline-0.3-2026-08-10/implementation/docs/02-deterministic-layout-and-render.md,sha256:594afa3f9c4d0d39890c176914ce3b6467db88e42d5726b9e0f6548c52f6273f,archived-by-inventory,legacy/0.4-inventory.json,AIXEM-RELEASE-040-001,The nested 0.3 baseline is audit-preserved by digest and disposition rather than copied into the 0.5 source tree.
baseline/aixem-component-graphics-baseline-0.3-2026-08-10/implementation/docs/03-executable-conformance.md,sha256:1a25188b9d3f3178fc78a27c85a962200a569b7ab60c83acf467011ecb567ce6,archived-by-inventory,legacy/0.4-inventory.json,AIXEM-RELEASE-040-001,The nested 0.3 baseline is audit-preserved by digest and disposition rather than copied into the 0.5 source tree.
baseline/aixem-component-graphics-baseline-0.3-2026-08-10/implementation/docs/04-agent-transaction-engine.md,sha256:1a16e1c9cf3d8c1ca7d3a0b76dd019a7bdb1f2860d5c492572234aa1ee752005,archived-by-inventory,legacy/0.4-inventory.json,AIXEM-RELEASE-040-001,The nested 0.3 baseline is audit-preserved by digest and disposition rather than copied into the 0.5 source tree.
baseline/aixem-component-graphics-baseline-0.3-2026-08-10/implementation/docs/05-web-wasm-delivery.md,sha256:0f6285539506239659f929471825d2bb2f3f1adf1342e22d8e1fffa5a4d90d3f,archived-by-inventory,legacy/0.4-inventory.json,AIXEM-RELEASE-040-001,The nested 0.3 baseline is audit-preserved by digest and disposition rather than copied into the 0.5 source tree.
baseline/aixem-component-graphics-baseline-0.3-2026-08-10/implementation/docs/06-vertical-slice-report.md,sha256:32f6d32ee9f89ee362ff7286a565295c896c3e39ccffa17df3104531e50b708c,archived-by-inventory,legacy/0.4-inventory.json,AIXEM-RELEASE-040-001,The nested 0.3 baseline is audit-preserved by digest and disposition rather than copied into the 0.5 source tree.
baseline/aixem-component-graphics-baseline-0.3-2026-08-10/implementation/docs/07-implementation-conformance-statement.md,sha256:9feb9120b948535cdc4f717251fea18234c45cb03ee8edda68195208f6dfa453,archived-by-inventory,legacy/0.4-inventory.json,AIXEM-RELEASE-040-001,The nested 0.3 baseline is audit-preserved by digest and disposition rather than copied into the 0.5 source tree.
baseline/aixem-component-graphics-baseline-0.3-2026-08-10/implementation/docs/08-limitations-and-next-gates.md,sha256:11d89f8aca5e8338633915e4bb5beeddb399b8216cab14b7de9c4dafed054867,archived-by-inventory,legacy/0.4-inventory.json,AIXEM-RELEASE-040-001,The nested 0.3 baseline is audit-preserved by digest and disposition rather than copied into the 0.5 source tree.
baseline/aixem-component-graphics-baseline-0.3-2026-08-10/implementation/docs/09-requirement-status-summary.md,sha256:df15d5e84f7720897f3a13e5994940680efcdca72601f5137f49031d8be8bff2,archived-by-inventory,legacy/0.4-inventory.json,AIXEM-RELEASE-040-001,The nested 0.3 baseline is audit-preserved by digest and disposition rather than copied into the 0.5 source tree.
baseline/aixem-component-graphics-baseline-0.3-2026-08-10/implementation/evidence/aixem,sha256:002f943924e4c115e20bc74248f4437397e627761ad03c45e2e909d06b476afc,archived-by-inventory,legacy/0.4-inventory.json,AIXEM-RELEASE-040-001,The nested 0.3 baseline is audit-preserved by digest and disposition rather than copied into the 0.5 source tree.
baseline/aixem-component-graphics-baseline-0.3-2026-08-10/implementation/evidence/baseline-manifest-check.log,sha256:15d8d78f57a0b01d959f0db503a240f7c6c09761cb423a28c785ee65d9d47c66,archived-by-inventory,legacy/0.4-inventory.json,AIXEM-RELEASE-040-001,The nested 0.3 baseline is audit-preserved by digest and disposition rather than copied into the 0.5 source tree.
baseline/aixem-component-graphics-baseline-0.3-2026-08-10/implementation/evidence/baseline-readiness-recheck.json,sha256:7de72ba36ca1dacc65603d4f9b53920a2e5a7c34c188c18f82397e8fcce3bb14,archived-by-inventory,legacy/0.4-inventory.json,AIXEM-RELEASE-040-001,The nested 0.3 baseline is audit-preserved by digest and disposition rather than copied into the 0.5 source tree.
baseline/aixem-component-graphics-baseline-0.3-2026-08-10/implementation/evidence/baseline-readiness-recheck.log,sha256:7de72ba36ca1dacc65603d4f9b53920a2e5a7c34c188c18f82397e8fcce3bb14,archived-by-inventory,legacy/0.4-inventory.json,AIXEM-RELEASE-040-001,The nested 0.3 baseline is audit-preserved by digest and disposition rather than copied into the 0.5 source tree.
baseline/aixem-component-graphics-baseline-0.3-2026-08-10/implementation/evidence/build-environment.json,sha256:0a1450cffdc76567b480399dbf74062d76886cd0aa09211d329e9984714aae3b,archived-by-inventory,legacy/0.4-inventory.json,AIXEM-RELEASE-040-001,The nested 0.3 baseline is audit-preserved by digest and disposition rather than copied into the 0.5 source tree.
baseline/aixem-component-graphics-baseline-0.3-2026-08-10/implementation/evidence/build.log,sha256:c8065ab933054a53b72eb836dd5080de98d716c1be0e61a5774fa196ea389cf0,archived-by-inventory,legacy/0.4-inventory.json,AIXEM-RELEASE-040-001,The nested 0.3 baseline is audit-preserved by digest and disposition rather than copied into the 0.5 source tree.
baseline/aixem-component-graphics-baseline-0.3-2026-08-10/implementation/evidence/compile-esp32-sensor.log,sha256:735c311c537f7e14c6e4ffa475700e8050b4298251881637483dfdd559ee0649,archived-by-inventory,legacy/0.4-inventory.json,AIXEM-RELEASE-040-001,The nested 0.3 baseline is audit-preserved by digest and disposition rather than copied into the 0.5 source tree.
baseline/aixem-component-graphics-baseline-0.3-2026-08-10/implementation/evidence/compile-voltage-divider.log,sha256:a1622b71c4a2d9df0d6ae453ddb5c68f303fb031c3a3d2d00878072afcb36dac,archived-by-inventory,legacy/0.4-inventory.json,AIXEM-RELEASE-040-001,The nested 0.3 baseline is audit-preserved by digest and disposition rather than copied into the 0.5 source tree.
baseline/aixem-component-graphics-baseline-0.3-2026-08-10/implementation/evidence/component-graphics/browser-validation.json,sha256:54929208715a28f0471e8f1f317f55642a086ac496549d289f8da0afc230f2cf,archived-by-inventory,legacy/0.4-inventory.json,AIXEM-RELEASE-040-001,The nested 0.3 baseline is audit-preserved by digest and disposition rather than copied into the 0.5 source tree.
baseline/aixem-component-graphics-baseline-0.3-2026-08-10/implementation/evidence/component-graphics/determinism.json,sha256:44becfb4d565ab7a5f06cec21432d4a4e60d0dbae3e0e3b228e4452ed9660b47,archived-by-inventory,legacy/0.4-inventory.json,AIXEM-RELEASE-040-001,The nested 0.3 baseline is audit-preserved by digest and disposition rather than copied into the 0.5 source tree.
baseline/aixem-component-graphics-baseline-0.3-2026-08-10/implementation/evidence/component-graphics/feature-matrix.json,sha256:5514376609b5515e9a434a6353917c8c989a7c3d874b2268f300083f4fe816fa,archived-by-inventory,legacy/0.4-inventory.json,AIXEM-RELEASE-040-001,The nested 0.3 baseline is audit-preserved by digest and disposition rather than copied into the 0.5 source tree.
baseline/aixem-component-graphics-baseline-0.3-2026-08-10/implementation/evidence/component-graphics/negative-tests.json,sha256:e5a81aa68551bba5b4201673c2737749d7f7b35c032fbdc1eba179e49fe6c023,archived-by-inventory,legacy/0.4-inventory.json,AIXEM-RELEASE-040-001,The nested 0.3 baseline is audit-preserved by digest and disposition rather than copied into the 0.5 source tree.
baseline/aixem-component-graphics-baseline-0.3-2026-08-10/implementation/evidence/component-graphics/schema-validation.json,sha256:20730bda638fb38e6cfded382db79334d6118a0647031b3dd0b3a9481d342299,archived-by-inventory,legacy/0.4-inventory.json,AIXEM-RELEASE-040-001,The nested 0.3 baseline is audit-preserved by digest and disposition rather than copied into the 0.5 source tree.
baseline/aixem-component-graphics-baseline-0.3-2026-08-10/implementation/evidence/component-graphics/validation-suite.json,sha256:e60f0fb2563016630e54a2db3b42f6d09ec13eb68713b5eeab0c283cf6a0f983,archived-by-inventory,legacy/0.4-inventory.json,AIXEM-RELEASE-040-001,The nested 0.3 baseline is audit-preserved by digest and disposition rather than copied into the 0.5 source tree.
baseline/aixem-component-graphics-baseline-0.3-2026-08-10/implementation/evidence/component-graphics-generation.log,sha256:ed7f8d02330a2ce1e253aa0ee3d368ae6dc278d327566f97cc4f653ccca7f361,archived-by-inventory,legacy/0.4-inventory.json,AIXEM-RELEASE-040-001,The nested 0.3 baseline is audit-preserved by digest and disposition rather than copied into the 0.5 source tree.
baseline/aixem-component-graphics-baseline-0.3-2026-08-10/implementation/evidence/component-graphics-loop-generation.log,sha256:efddbb1314fe6213419ccad0f1d1eddee8829d57a6c2b89513bb5d3cb35e7c98,archived-by-inventory,legacy/0.4-inventory.json,AIXEM-RELEASE-040-001,The nested 0.3 baseline is audit-preserved by digest and disposition rather than copied into the 0.5 source tree.
baseline/aixem-component-graphics-baseline-0.3-2026-08-10/implementation/evidence/component-graphics-validation.log,sha256:92c653181a1f7ac5514e9246c4990c02e9d85eb24d01735e3ce4a4eeeafcce53,archived-by-inventory,legacy/0.4-inventory.json,AIXEM-RELEASE-040-001,The nested 0.3 baseline is audit-preserved by digest and disposition rather than copied into the 0.5 source tree.
baseline/aixem-component-graphics-baseline-0.3-2026-08-10/implementation/evidence/conformance-claim.partial.json,sha256:3630a90da50243eef652186ffd92bb5dda55ac9e27dde07f98c4d183545d283c,archived-by-inventory,legacy/0.4-inventory.json,AIXEM-RELEASE-040-001,The nested 0.3 baseline is audit-preserved by digest and disposition rather than copied into the 0.5 source tree.
baseline/aixem-component-graphics-baseline-0.3-2026-08-10/implementation/evidence/corpus-bundle-manifest.json,sha256:bddad0381848e12966658a17f4b5e689356861556119ffad2a3341becfe414ff,archived-by-inventory,legacy/0.4-inventory.json,AIXEM-RELEASE-040-001,The nested 0.3 baseline is audit-preserved by digest and disposition rather than copied into the 0.5 source tree.
baseline/aixem-component-graphics-baseline-0.3-2026-08-10/implementation/evidence/corpus-report.json,sha256:f3eb79405e9565782ebaf2d3c4daec98fb8459eade87759fae1d9ce0e39946b7,archived-by-inventory,legacy/0.4-inventory.json,AIXEM-RELEASE-040-001,The nested 0.3 baseline is audit-preserved by digest and disposition rather than copied into the 0.5 source tree.
baseline/aixem-component-graphics-baseline-0.3-2026-08-10/implementation/evidence/corpus-run.log,sha256:574762be22855c57e9ce6368ac75e71fc58dc7580fbfcd451119b1592375a814,archived-by-inventory,legacy/0.4-inventory.json,AIXEM-RELEASE-040-001,The nested 0.3 baseline is audit-preserved by digest and disposition rather than copied into the 0.5 source tree.
baseline/aixem-component-graphics-baseline-0.3-2026-08-10/implementation/evidence/determinism-esp32-sensor.json,sha256:2972482da3812e71eeaa5b0c1cad787cda3b424fcfece2e8f377670ce8720058,archived-by-inventory,legacy/0.4-inventory.json,AIXEM-RELEASE-040-001,The nested 0.3 baseline is audit-preserved by digest and disposition rather than copied into the 0.5 source tree.
baseline/aixem-component-graphics-baseline-0.3-2026-08-10/implementation/evidence/determinism-esp32-sensor.log,sha256:faabf4c931459ceb2a84a097d18c4bcfaa5bc61c95038250a49975c1f7bd505c,archived-by-inventory,legacy/0.4-inventory.json,AIXEM-RELEASE-040-001,The nested 0.3 baseline is audit-preserved by digest and disposition rather than copied into the 0.5 source tree.
baseline/aixem-component-graphics-baseline-0.3-2026-08-10/implementation/evidence/determinism-voltage-divider.json,sha256:c46e21919398861d6d73f0fb6192cd10534227481ca8c00a8ce47d0456ae6d15,archived-by-inventory,legacy/0.4-inventory.json,AIXEM-RELEASE-040-001,The nested 0.3 baseline is audit-preserved by digest and disposition rather than copied into the 0.5 source tree.
baseline/aixem-component-graphics-baseline-0.3-2026-08-10/implementation/evidence/determinism-voltage-divider.log,sha256:faabf4c931459ceb2a84a097d18c4bcfaa5bc61c95038250a49975c1f7bd505c,archived-by-inventory,legacy/0.4-inventory.json,AIXEM-RELEASE-040-001,The nested 0.3 baseline is audit-preserved by digest and disposition rather than copied into the 0.5 source tree.
baseline/aixem-component-graphics-baseline-0.3-2026-08-10/implementation/evidence/documentation-validation.log,sha256:43b2119e6033d809366c6b2828f7cccaec3b0b481065ec7d29a6d252888dcdc2,archived-by-inventory,legacy/0.4-inventory.json,AIXEM-RELEASE-040-001,The nested 0.3 baseline is audit-preserved by digest and disposition rather than copied into the 0.5 source tree.
baseline/aixem-component-graphics-baseline-0.3-2026-08-10/implementation/evidence/evidence-index.json,sha256:47926fee45c05a9593ce88913dbb230deaaade3907594db72accde3ee0655857,archived-by-inventory,legacy/0.4-inventory.json,AIXEM-RELEASE-040-001,The nested 0.3 baseline is audit-preserved by digest and disposition rather than copied into the 0.5 source tree.
baseline/aixem-component-graphics-baseline-0.3-2026-08-10/implementation/evidence/evidence-validation.log,sha256:e14c5f709259d12f37de25555b21a5a4c3e0bf9e8d6279729d4a5b0d95a4d297,archived-by-inventory,legacy/0.4-inventory.json,AIXEM-RELEASE-040-001,The nested 0.3 baseline is audit-preserved by digest and disposition rather than copied into the 0.5 source tree.
baseline/aixem-component-graphics-baseline-0.3-2026-08-10/implementation/evidence/final-validation.log,sha256:f7c357e574fe894ac375832aca4d31072e922d7f944c8c3ccc57c99565d2caf0,archived-by-inventory,legacy/0.4-inventory.json,AIXEM-RELEASE-040-001,The nested 0.3 baseline is audit-preserved by digest and disposition rather than copied into the 0.5 source tree.
baseline/aixem-component-graphics-baseline-0.3-2026-08-10/implementation/evidence/go-test-race.log,sha256:90d64f56041e286542e5dbd4c53ca45f975bfaedafcb4415088951722245a703,archived-by-inventory,legacy/0.4-inventory.json,AIXEM-RELEASE-040-001,The nested 0.3 baseline is audit-preserved by digest and disposition rather than copied into the 0.5 source tree.
baseline/aixem-component-graphics-baseline-0.3-2026-08-10/implementation/evidence/go-test-wasm.log,sha256:5771cc7756696bbddd3dd3ca6df056541b4a8708888ebfd128a1a400af463759,archived-by-inventory,legacy/0.4-inventory.json,AIXEM-RELEASE-040-001,The nested 0.3 baseline is audit-preserved by digest and disposition rather than copied into the 0.5 source tree.
baseline/aixem-component-graphics-baseline-0.3-2026-08-10/implementation/evidence/go-test.log,sha256:be9bca85aeff93beb4a8c3971866bd4f193eb52ca5d504f9de9f9a52b1d78ab0,archived-by-inventory,legacy/0.4-inventory.json,AIXEM-RELEASE-040-001,The nested 0.3 baseline is audit-preserved by digest and disposition rather than copied into the 0.5 source tree.
baseline/aixem-component-graphics-baseline-0.3-2026-08-10/implementation/evidence/go-vet.log,sha256:e3b0c44298fc1c149afbf4c8996fb92427ae41e4649b934ca495991b7852b855,archived-by-inventory,legacy/0.4-inventory.json,AIXEM-RELEASE-040-001,The nested 0.3 baseline is audit-preserved by digest and disposition rather than copied into the 0.5 source tree.
baseline/aixem-component-graphics-baseline-0.3-2026-08-10/implementation/evidence/node-check.log,sha256:e3b0c44298fc1c149afbf4c8996fb92427ae41e4649b934ca495991b7852b855,archived-by-inventory,legacy/0.4-inventory.json,AIXEM-RELEASE-040-001,The nested 0.3 baseline is audit-preserved by digest and disposition rather than copied into the 0.5 source tree.
baseline/aixem-component-graphics-baseline-0.3-2026-08-10/implementation/evidence/release-metadata.log,sha256:ca84c19f1de99dc335af3b54cb9a21465e98b86654b6d9e531eb0d7c662c6280,archived-by-inventory,legacy/0.4-inventory.json,AIXEM-RELEASE-040-001,The nested 0.3 baseline is audit-preserved by digest and disposition rather than copied into the 0.5 source tree.
baseline/aixem-component-graphics-baseline-0.3-2026-08-10/implementation/evidence/requirement-status.json,sha256:5eae9c0b4337d99571d4bf56ab7f456a0851a3b8dda1a7760607fe55605de0c2,archived-by-inventory,legacy/0.4-inventory.json,AIXEM-RELEASE-040-001,The nested 0.3 baseline is audit-preserved by digest and disposition rather than copied into the 0.5 source tree.
baseline/aixem-component-graphics-baseline-0.3-2026-08-10/implementation/evidence/schema-validation.json,sha256:468a79c00168b16c19dbb6879ffe93a2387c42d0ba8a6febb51cfb64e13793e3,archived-by-inventory,legacy/0.4-inventory.json,AIXEM-RELEASE-040-001,The nested 0.3 baseline is audit-preserved by digest and disposition rather than copied into the 0.5 source tree.
baseline/aixem-component-graphics-baseline-0.3-2026-08-10/implementation/evidence/transaction-applied.log,sha256:c0d41a63b77372280f51f94b9d614dd2870754d90e2b494ce74faeabc0cad94a,archived-by-inventory,legacy/0.4-inventory.json,AIXEM-RELEASE-040-001,The nested 0.3 baseline is audit-preserved by digest and disposition rather than copied into the 0.5 source tree.
baseline/aixem-component-graphics-baseline-0.3-2026-08-10/implementation/evidence/transaction-compiled-after.log,sha256:db6083a0af226ea9d66a61193d95a323645c11b15d438d5d624e4f256f1727df,archived-by-inventory,legacy/0.4-inventory.json,AIXEM-RELEASE-040-001,The nested 0.3 baseline is audit-preserved by digest and disposition rather than copied into the 0.5 source tree.
baseline/aixem-component-graphics-baseline-0.3-2026-08-10/implementation/evidence/transaction-rollback.log,sha256:ee6a575809b7a6e457c393f1539986e481aa1f23f237a34b023e299bba0b0f76,archived-by-inventory,legacy/0.4-inventory.json,AIXEM-RELEASE-040-001,The nested 0.3 baseline is audit-preserved by digest and disposition rather than copied into the 0.5 source tree.
baseline/aixem-component-graphics-baseline-0.3-2026-08-10/implementation/evidence/transaction-stale.log,sha256:b5abe039b88a4db165ad0ac72b392427fac9c108db69d9e36b047d94bf473424,archived-by-inventory,legacy/0.4-inventory.json,AIXEM-RELEASE-040-001,The nested 0.3 baseline is audit-preserved by digest and disposition rather than copied into the 0.5 source tree.
baseline/aixem-component-graphics-baseline-0.3-2026-08-10/implementation/evidence/visual-render-validation.log,sha256:7c61b5749db2ab9ec4a64ed5b9d9e046e607ca29e3a4a585ced6ec8d80e3c743,archived-by-inventory,legacy/0.4-inventory.json,AIXEM-RELEASE-040-001,The nested 0.3 baseline is audit-preserved by digest and disposition rather than copied into the 0.5 source tree.
baseline/aixem-component-graphics-baseline-0.3-2026-08-10/implementation/evidence/web-index-smoke.html,sha256:9b3f7c5bf1f80ca92d388538324193fe69867c89372dfc0b6da12e2d450bf886,archived-by-inventory,legacy/0.4-inventory.json,AIXEM-RELEASE-040-001,The nested 0.3 baseline is audit-preserved by digest and disposition rather than copied into the 0.5 source tree.
baseline/aixem-component-graphics-baseline-0.3-2026-08-10/implementation/evidence/web-server.log,sha256:1ca4fbed46031c9d639617dce0363b78e414730be8089378425f1dd2f107ba04,archived-by-inventory,legacy/0.4-inventory.json,AIXEM-RELEASE-040-001,The nested 0.3 baseline is audit-preserved by digest and disposition rather than copied into the 0.5 source tree.
baseline/aixem-component-graphics-baseline-0.3-2026-08-10/implementation/evidence/web-wasm-headers.txt,sha256:32b3c94eca9dc0db07c864d8a6c147a3ef269f86760e796ed25ba77536acd70f,archived-by-inventory,legacy/0.4-inventory.json,AIXEM-RELEASE-040-001,The nested 0.3 baseline is audit-preserved by digest and disposition rather than copied into the 0.5 source tree.
baseline/aixem-component-graphics-baseline-0.3-2026-08-10/implementation/readme.md,sha256:dab7d6bfe9f0e56fc991cd516119922fd93b84e9dd7644fb28d7d5a40942537d,archived-by-inventory,legacy/0.4-inventory.json,AIXEM-RELEASE-040-001,The nested 0.3 baseline is audit-preserved by digest and disposition rather than copied into the 0.5 source tree.
baseline/aixem-component-graphics-baseline-0.3-2026-08-10/implementation/schemas/aixem-build-environment.bootstrap.schema.json,sha256:f2923418a7cfbbf40656ab1edb9947db452b4e2cdde036de3c547eb7d571b0ad,archived-by-inventory,legacy/0.4-inventory.json,AIXEM-RELEASE-040-001,The nested 0.3 baseline is audit-preserved by digest and disposition rather than copied into the 0.5 source tree.
baseline/aixem-component-graphics-baseline-0.3-2026-08-10/implementation/schemas/aixem-corpus-bundle-manifest.bootstrap.schema.json,sha256:d91e573a807173a7f3454ae6565b82d6a7c9bec9b1b1ff4be86b50f6d4226bd4,archived-by-inventory,legacy/0.4-inventory.json,AIXEM-RELEASE-040-001,The nested 0.3 baseline is audit-preserved by digest and disposition rather than copied into the 0.5 source tree.
baseline/aixem-component-graphics-baseline-0.3-2026-08-10/implementation/schemas/aixem-corpus-report.bootstrap.schema.json,sha256:8cef3ffafcdc01f64d51d8bff3b3daf72fd14a60422fda45051908a75d106480,archived-by-inventory,legacy/0.4-inventory.json,AIXEM-RELEASE-040-001,The nested 0.3 baseline is audit-preserved by digest and disposition rather than copied into the 0.5 source tree.
baseline/aixem-component-graphics-baseline-0.3-2026-08-10/implementation/schemas/aixem-determinism-report.bootstrap.schema.json,sha256:e22b6f0aab415151292609ba7c7b492b858b1870bdf681b91d1a1b31aa2eef65,archived-by-inventory,legacy/0.4-inventory.json,AIXEM-RELEASE-040-001,The nested 0.3 baseline is audit-preserved by digest and disposition rather than copied into the 0.5 source tree.
baseline/aixem-component-graphics-baseline-0.3-2026-08-10/implementation/schemas/aixem-evidence-index.bootstrap.schema.json,sha256:98a3b0f73bc9f138f1eb72ee2e649f9698b15ef86dea4a6bfa99af0e2bc1bf14,archived-by-inventory,legacy/0.4-inventory.json,AIXEM-RELEASE-040-001,The nested 0.3 baseline is audit-preserved by digest and disposition rather than copied into the 0.5 source tree.
baseline/aixem-component-graphics-baseline-0.3-2026-08-10/implementation/schemas/aixem-implementation-release.bootstrap.schema.json,sha256:3769e47bbbb7a87e7bccd845f2e0e6f8cd47a5a368ecc70a252c8521c5042415,archived-by-inventory,legacy/0.4-inventory.json,AIXEM-RELEASE-040-001,The nested 0.3 baseline is audit-preserved by digest and disposition rather than copied into the 0.5 source tree.
baseline/aixem-component-graphics-baseline-0.3-2026-08-10/implementation/schemas/aixem-layout-model.bootstrap.schema.json,sha256:74ad106faa904b7313e14be3a8acc63aadb295043521ce4c170a75b6c22c2899,archived-by-inventory,legacy/0.4-inventory.json,AIXEM-RELEASE-040-001,The nested 0.3 baseline is audit-preserved by digest and disposition rather than copied into the 0.5 source tree.
baseline/aixem-component-graphics-baseline-0.3-2026-08-10/implementation/schemas/aixem-render-bundle.bootstrap.schema.json,sha256:cdffcf235902495845de422aaf68cf0e25b7e06ea905994cbddc86e71944564e,archived-by-inventory,legacy/0.4-inventory.json,AIXEM-RELEASE-040-001,The nested 0.3 baseline is audit-preserved by digest and disposition rather than copied into the 0.5 source tree.
baseline/aixem-component-graphics-baseline-0.3-2026-08-10/implementation/schemas/readme.md,sha256:892030373fb08ab84080882fb860a047b7a0401b44cc8498e786acd07e3412ba,archived-by-inventory,legacy/0.4-inventory.json,AIXEM-RELEASE-040-001,The nested 0.3 baseline is audit-preserved by digest and disposition rather than copied into the 0.5 source tree.
baseline/aixem-component-graphics-baseline-0.3-2026-08-10/implementation/scripts/build.sh,sha256:4f64cbbeb6c23143655516b4340238969e53deb50d8c906ee22acc31160ef184,archived-by-inventory,legacy/0.4-inventory.json,AIXEM-RELEASE-040-001,The nested 0.3 baseline is audit-preserved by digest and disposition rather than copied into the 0.5 source tree.
baseline/aixem-component-graphics-baseline-0.3-2026-08-10/implementation/scripts/generate-component-graphics-loops.py,sha256:c3562b7928ef1f50cfa0f45ce67ceb37300dca96d8cc20f3be03d819c86678bb,archived-by-inventory,legacy/0.4-inventory.json,AIXEM-RELEASE-040-001,The nested 0.3 baseline is audit-preserved by digest and disposition rather than copied into the 0.5 source tree.
baseline/aixem-component-graphics-baseline-0.3-2026-08-10/implementation/scripts/generate-component-graphics-visuals.py,sha256:4e05e11b67dc5b9b1aedf5a878d16ae31d0b832eae7ee331e1ffc7a1e6932975,archived-by-inventory,legacy/0.4-inventory.json,AIXEM-RELEASE-040-001,The nested 0.3 baseline is audit-preserved by digest and disposition rather than copied into the 0.5 source tree.
baseline/aixem-component-graphics-baseline-0.3-2026-08-10/implementation/scripts/generate-final-validation.py,sha256:79a125491ff3e94c85f9c0d6982258f1651be3aea6c2861d6929522fb73883fd,archived-by-inventory,legacy/0.4-inventory.json,AIXEM-RELEASE-040-001,The nested 0.3 baseline is audit-preserved by digest and disposition rather than copied into the 0.5 source tree.
baseline/aixem-component-graphics-baseline-0.3-2026-08-10/implementation/scripts/generate-project-registers.py,sha256:e9b2afcb1acb5b79c4a10fcf289eace33cce0b9b10a02ac68d3663d704216b73,archived-by-inventory,legacy/0.4-inventory.json,AIXEM-RELEASE-040-001,The nested 0.3 baseline is audit-preserved by digest and disposition rather than copied into the 0.5 source tree.
baseline/aixem-component-graphics-baseline-0.3-2026-08-10/implementation/scripts/generate-release-metadata.py,sha256:ef594c4a2bc0fde6f74d5ccc42331b3947fc7783b776c1b52a40110f79ada44b,archived-by-inventory,legacy/0.4-inventory.json,AIXEM-RELEASE-040-001,The nested 0.3 baseline is audit-preserved by digest and disposition rather than copied into the 0.5 source tree.
baseline/aixem-component-graphics-baseline-0.3-2026-08-10/implementation/scripts/generate-requirement-status.py,sha256:58b7247aac76858ab181d7e09d2e8272a8f491bece64ef125d2424e7c8214999,archived-by-inventory,legacy/0.4-inventory.json,AIXEM-RELEASE-040-001,The nested 0.3 baseline is audit-preserved by digest and disposition rather than copied into the 0.5 source tree.
baseline/aixem-component-graphics-baseline-0.3-2026-08-10/implementation/scripts/generate-transactions.py,sha256:035517aa7734d7e287d0ba074d4c0285cab77232617b3a2c6779539bd75dcfe4,archived-by-inventory,legacy/0.4-inventory.json,AIXEM-RELEASE-040-001,The nested 0.3 baseline is audit-preserved by digest and disposition rather than copied into the 0.5 source tree.
baseline/aixem-component-graphics-baseline-0.3-2026-08-10/implementation/scripts/generate-visual-atlas.py,sha256:9dba5dec54b49afbbc6e7bb5e59291c54458aba8d97e49852f8a5c9595e23be5,archived-by-inventory,legacy/0.4-inventory.json,AIXEM-RELEASE-040-001,The nested 0.3 baseline is audit-preserved by digest and disposition rather than copied into the 0.5 source tree.
baseline/aixem-component-graphics-baseline-0.3-2026-08-10/implementation/scripts/package-release.py,sha256:304a4101ec467f3303c4bc4aa73be56c31ff46a64cbbdc05893720423e920c7c,archived-by-inventory,legacy/0.4-inventory.json,AIXEM-RELEASE-040-001,The nested 0.3 baseline is audit-preserved by digest and disposition rather than copied into the 0.5 source tree.
baseline/aixem-component-graphics-baseline-0.3-2026-08-10/implementation/scripts/validate-documentation.py,sha256:1ec8c8c26cee41d0e23a4216f5e39c5e0e501c61af12acb0c7a808d3d4f27b70,archived-by-inventory,legacy/0.4-inventory.json,AIXEM-RELEASE-040-001,The nested 0.3 baseline is audit-preserved by digest and disposition rather than copied into the 0.5 source tree.
baseline/aixem-component-graphics-baseline-0.3-2026-08-10/implementation/scripts/validate-evidence.py,sha256:a760061242014a8685489a9102d7dc97213c401b1037f5a5c3a060dcab3dc539,archived-by-inventory,legacy/0.4-inventory.json,AIXEM-RELEASE-040-001,The nested 0.3 baseline is audit-preserved by digest and disposition rather than copied into the 0.5 source tree.
baseline/aixem-component-graphics-baseline-0.3-2026-08-10/implementation/scripts/validate-visual-atlas.py,sha256:f04048cf5ef1f7254256f0332a2d314ab0008cba104e05d8de8e37eef4a3c9e2,archived-by-inventory,legacy/0.4-inventory.json,AIXEM-RELEASE-040-001,The nested 0.3 baseline is audit-preserved by digest and disposition rather than copied into the 0.5 source tree.
baseline/aixem-component-graphics-baseline-0.3-2026-08-10/implementation/scripts/verify.sh,sha256:c09136adc6231bbdd10e60d5e98239e14fda534dd6e422501e2e411e7e535db9,archived-by-inventory,legacy/0.4-inventory.json,AIXEM-RELEASE-040-001,The nested 0.3 baseline is audit-preserved by digest and disposition rather than copied into the 0.5 source tree.
baseline/aixem-component-graphics-baseline-0.3-2026-08-10/implementation/security.md,sha256:14ae20dc1de6cd5ce32e869c930dd07392fb73f305f0d34e4999db4b4d9248de,archived-by-inventory,legacy/0.4-inventory.json,AIXEM-RELEASE-040-001,The nested 0.3 baseline is audit-preserved by digest and disposition rather than copied into the 0.5 source tree.
baseline/aixem-component-graphics-baseline-0.3-2026-08-10/implementation/spec-feedback/00-clarification-log.md,sha256:b810ea18f02656e603d74bbf3ebe52ba942762d7b05b910390b33d3471be28dd,archived-by-inventory,legacy/0.4-inventory.json,AIXEM-RELEASE-040-001,The nested 0.3 baseline is audit-preserved by digest and disposition rather than copied into the 0.5 source tree.
baseline/aixem-component-graphics-baseline-0.3-2026-08-10/implementation/spec-feedback/cr-001-semantic-hash-material.md,sha256:697653f57301c011ed82c0719d6ec0220d3b8822917147e8ec59adf675becfa3,archived-by-inventory,legacy/0.4-inventory.json,AIXEM-RELEASE-040-001,The nested 0.3 baseline is audit-preserved by digest and disposition rather than copied into the 0.5 source tree.
baseline/aixem-component-graphics-baseline-0.3-2026-08-10/implementation/spec-feedback/cr-002-package-digest-cardinality.md,sha256:8f51d2431a34288e3239e04c1d08d8819dce2543ed030c9496aadc90fbd4f45c,archived-by-inventory,legacy/0.4-inventory.json,AIXEM-RELEASE-040-001,The nested 0.3 baseline is audit-preserved by digest and disposition rather than copied into the 0.5 source tree.
baseline/aixem-component-graphics-baseline-0.3-2026-08-10/implementation/spec-feedback/cr-003-no-connect-semantic-projection.md,sha256:51d37f57b8664f646a4822f168ec2249e0010018d831ae129743d83c1ccccc8c,archived-by-inventory,legacy/0.4-inventory.json,AIXEM-RELEASE-040-001,The nested 0.3 baseline is audit-preserved by digest and disposition rather than copied into the 0.5 source tree.
baseline/aixem-component-graphics-baseline-0.3-2026-08-10/implementation/spec-feedback/cr-004-canonical-path-encoding.md,sha256:b49be08d56a37274b4abe6d91e079d48a68069a00d6def23d68ceda11276f36a,archived-by-inventory,legacy/0.4-inventory.json,AIXEM-RELEASE-040-001,The nested 0.3 baseline is audit-preserved by digest and disposition rather than copied into the 0.5 source tree.
baseline/aixem-component-graphics-baseline-0.3-2026-08-10/implementation/spec-feedback/cr-005-hierarchy-resolution-fixtures.md,sha256:44288ce7ce44c92a5e3b82242624447b4429c372327d8ec50011866a57087075,archived-by-inventory,legacy/0.4-inventory.json,AIXEM-RELEASE-040-001,The nested 0.3 baseline is audit-preserved by digest and disposition rather than copied into the 0.5 source tree.
baseline/aixem-component-graphics-baseline-0.3-2026-08-10/implementation/spec-feedback/cr-006-extension-projection.md,sha256:ecbb00c613eda9b6a2e3953cf53aec9c8c7bbc2cea189d870336e3b8d2e9c38a,archived-by-inventory,legacy/0.4-inventory.json,AIXEM-RELEASE-040-001,The nested 0.3 baseline is audit-preserved by digest and disposition rather than copied into the 0.5 source tree.
baseline/aixem-component-graphics-baseline-0.3-2026-08-10/implementation/spec-feedback/cr-007-layout-render-schemas.md,sha256:36eeaac7817c51b95bdd0aa7979cb747f634b04eeb5e6c1a86263a1857715291,archived-by-inventory,legacy/0.4-inventory.json,AIXEM-RELEASE-040-001,The nested 0.3 baseline is audit-preserved by digest and disposition rather than copied into the 0.5 source tree.
baseline/aixem-component-graphics-baseline-0.3-2026-08-10/implementation/spec-feedback/cr-008-assertion-atomicity.md,sha256:23ca7ba38ee96dfcc9427f04771c572ff3a90d92ea88fc50ef6667fe59d8bb45,archived-by-inventory,legacy/0.4-inventory.json,AIXEM-RELEASE-040-001,The nested 0.3 baseline is audit-preserved by digest and disposition rather than copied into the 0.5 source tree.
baseline/aixem-component-graphics-baseline-0.3-2026-08-10/implementation/spec-feedback/cr-009-comment-association.md,sha256:d1fb9e865bf4a4dec37d84662f10799e1ea43ed1ce9d8def16c35654fc700e8b,archived-by-inventory,legacy/0.4-inventory.json,AIXEM-RELEASE-040-001,The nested 0.3 baseline is audit-preserved by digest and disposition rather than copied into the 0.5 source tree.
baseline/aixem-component-graphics-baseline-0.3-2026-08-10/implementation/spec-feedback/cr-010-library-type-pin-fixtures.md,sha256:a109c8c442c010affe7ef42fc3070d149d41bff0be1926e3c95d807b25996e04,archived-by-inventory,legacy/0.4-inventory.json,AIXEM-RELEASE-040-001,The nested 0.3 baseline is audit-preserved by digest and disposition rather than copied into the 0.5 source tree.
baseline/aixem-component-graphics-baseline-0.3-2026-08-10/implementation/spec-feedback/cr-011-component-graphics-profile.md,sha256:9dc02a72e7599ded7d0d413a885f51940097f396c5a47e77e8ef5cacb90bf595,archived-by-inventory,legacy/0.4-inventory.json,AIXEM-RELEASE-040-001,The nested 0.3 baseline is audit-preserved by digest and disposition rather than copied into the 0.5 source tree.
baseline/aixem-component-graphics-baseline-0.3-2026-08-10/implementation/spec-feedback/cr-012-project-lock-and-route-binding.md,sha256:75bb6e1439463f8dd8e69c5245ab19ec4ca9f345e9f53afc38d1c1577b90165b,archived-by-inventory,legacy/0.4-inventory.json,AIXEM-RELEASE-040-001,The nested 0.3 baseline is audit-preserved by digest and disposition rather than copied into the 0.5 source tree.
baseline/aixem-component-graphics-baseline-0.3-2026-08-10/implementation/spec-feedback/cr-013-architecture-example-boundary.md,sha256:d31215e33fec900cea1466b0ad9498f295a03afdc77317895f4531fa4193e425,archived-by-inventory,legacy/0.4-inventory.json,AIXEM-RELEASE-040-001,The nested 0.3 baseline is audit-preserved by digest and disposition rather than copied into the 0.5 source tree.
baseline/aixem-component-graphics-baseline-0.3-2026-08-10/implementation/vertical-slice/agent-transaction/compiled-after/compile-report.json,sha256:36531ca78e249ca446b0aad1c70f11f55fb9907c56f12a42974c3b28705f8b1e,archived-by-inventory,legacy/0.4-inventory.json,AIXEM-RELEASE-040-001,The nested 0.3 baseline is audit-preserved by digest and disposition rather than copied into the 0.5 source tree.
baseline/aixem-component-graphics-baseline-0.3-2026-08-10/implementation/vertical-slice/agent-transaction/compiled-after/layout.json,sha256:29a5db27ab08d1976a7eda3bd5c51b8d9df42e487887d522abc614f434178b18,archived-by-inventory,legacy/0.4-inventory.json,AIXEM-RELEASE-040-001,The nested 0.3 baseline is audit-preserved by digest and disposition rather than copied into the 0.5 source tree.
baseline/aixem-component-graphics-baseline-0.3-2026-08-10/implementation/vertical-slice/agent-transaction/compiled-after/render.json,sha256:ebbc5a50af9f890e592e355848414f447a118826957e10d42288b562b584b031,archived-by-inventory,legacy/0.4-inventory.json,AIXEM-RELEASE-040-001,The nested 0.3 baseline is audit-preserved by digest and disposition rather than copied into the 0.5 source tree.
baseline/aixem-component-graphics-baseline-0.3-2026-08-10/implementation/vertical-slice/agent-transaction/compiled-after/semantic.json,sha256:7531035d1e5e922a42d35bd553c240e191245a965eadcfd5540850db66e7279d,archived-by-inventory,legacy/0.4-inventory.json,AIXEM-RELEASE-040-001,The nested 0.3 baseline is audit-preserved by digest and disposition rather than copied into the 0.5 source tree.
baseline/aixem-component-graphics-baseline-0.3-2026-08-10/implementation/vertical-slice/agent-transaction/compiled-after/source.canonical.aixem,sha256:7ee24debf0a0b51a85980589e5ff19960c054e54ed6c782eb6befb17c5c2c244,archived-by-inventory,legacy/0.4-inventory.json,AIXEM-RELEASE-040-001,The nested 0.3 baseline is audit-preserved by digest and disposition rather than copied into the 0.5 source tree.
baseline/aixem-component-graphics-baseline-0.3-2026-08-10/implementation/vertical-slice/agent-transaction/compiled-after/viewer.html,sha256:499609b2266513e91c5925abd6a97ff2bfbba07620790aa11f0f9de1d46bfe14,archived-by-inventory,legacy/0.4-inventory.json,AIXEM-RELEASE-040-001,The nested 0.3 baseline is audit-preserved by digest and disposition rather than copied into the 0.5 source tree.
baseline/aixem-component-graphics-baseline-0.3-2026-08-10/implementation/vertical-slice/agent-transaction/result.applied.json,sha256:0e5eabb6d1ac2f5655fec8176e09a74df85f16e47d6f06d275719425c5c45b96,archived-by-inventory,legacy/0.4-inventory.json,AIXEM-RELEASE-040-001,The nested 0.3 baseline is audit-preserved by digest and disposition rather than copied into the 0.5 source tree.
baseline/aixem-component-graphics-baseline-0.3-2026-08-10/implementation/vertical-slice/agent-transaction/result.atomic-rollback.json,sha256:3f071e1ed39a7cba63d88a95c04724edbfb8714c658ff295633c2bf199745bb8,archived-by-inventory,legacy/0.4-inventory.json,AIXEM-RELEASE-040-001,The nested 0.3 baseline is audit-preserved by digest and disposition rather than copied into the 0.5 source tree.
baseline/aixem-component-graphics-baseline-0.3-2026-08-10/implementation/vertical-slice/agent-transaction/result.stale-hash.json,sha256:5c5fe889a060a051e283e764b71f72b676183a14f5f0a1f4d42f199712618f69,archived-by-inventory,legacy/0.4-inventory.json,AIXEM-RELEASE-040-001,The nested 0.3 baseline is audit-preserved by digest and disposition rather than copied into the 0.5 source tree.
baseline/aixem-component-graphics-baseline-0.3-2026-08-10/implementation/vertical-slice/agent-transaction/source.after.aixem,sha256:7ee24debf0a0b51a85980589e5ff19960c054e54ed6c782eb6befb17c5c2c244,archived-by-inventory,legacy/0.4-inventory.json,AIXEM-RELEASE-040-001,The nested 0.3 baseline is audit-preserved by digest and disposition rather than copied into the 0.5 source tree.
baseline/aixem-component-graphics-baseline-0.3-2026-08-10/implementation/vertical-slice/agent-transaction/transaction.atomic-rollback.json,sha256:b02a1c5bc83ab13ebb87a12338c5b48e21ac2e14d00fefb7bd22cd6b89c71d59,archived-by-inventory,legacy/0.4-inventory.json,AIXEM-RELEASE-040-001,The nested 0.3 baseline is audit-preserved by digest and disposition rather than copied into the 0.5 source tree.
baseline/aixem-component-graphics-baseline-0.3-2026-08-10/implementation/vertical-slice/agent-transaction/transaction.stale-hash.json,sha256:b96dfd95171bc40aa27767bee921fcbe9579d305bc47b22ef04a4bb06a4e5801,archived-by-inventory,legacy/0.4-inventory.json,AIXEM-RELEASE-040-001,The nested 0.3 baseline is audit-preserved by digest and disposition rather than copied into the 0.5 source tree.
baseline/aixem-component-graphics-baseline-0.3-2026-08-10/implementation/vertical-slice/agent-transaction/transaction.valid.json,sha256:25e97990e20bf36fd7dbaeed3645eca3e6b6042a085e9d331c8c5777caacb729,archived-by-inventory,legacy/0.4-inventory.json,AIXEM-RELEASE-040-001,The nested 0.3 baseline is audit-preserved by digest and disposition rather than copied into the 0.5 source tree.
baseline/aixem-component-graphics-baseline-0.3-2026-08-10/implementation/vertical-slice/esp32-sensor/compile-report.json,sha256:0cc9b9e8b4fe6340aa57b64674220992a5301b60527852bd5ead9a307ed7a170,archived-by-inventory,legacy/0.4-inventory.json,AIXEM-RELEASE-040-001,The nested 0.3 baseline is audit-preserved by digest and disposition rather than copied into the 0.5 source tree.
baseline/aixem-component-graphics-baseline-0.3-2026-08-10/implementation/vertical-slice/esp32-sensor/layout.json,sha256:a4e6eac8b7be2f3a0f6f8437e00481207321970442cadf767fbfa32db896f54e,archived-by-inventory,legacy/0.4-inventory.json,AIXEM-RELEASE-040-001,The nested 0.3 baseline is audit-preserved by digest and disposition rather than copied into the 0.5 source tree.
baseline/aixem-component-graphics-baseline-0.3-2026-08-10/implementation/vertical-slice/esp32-sensor/render.json,sha256:073dcf8afb4a26330e6a94cde59c4c8a40e620510bc226e5c721ca4c3514e36f,archived-by-inventory,legacy/0.4-inventory.json,AIXEM-RELEASE-040-001,The nested 0.3 baseline is audit-preserved by digest and disposition rather than copied into the 0.5 source tree.
baseline/aixem-component-graphics-baseline-0.3-2026-08-10/implementation/vertical-slice/esp32-sensor/semantic.json,sha256:b414f7ada4c48a974599e34c5422b118f15a1c895c4f929fe008615a2f323a46,archived-by-inventory,legacy/0.4-inventory.json,AIXEM-RELEASE-040-001,The nested 0.3 baseline is audit-preserved by digest and disposition rather than copied into the 0.5 source tree.
baseline/aixem-component-graphics-baseline-0.3-2026-08-10/implementation/vertical-slice/esp32-sensor/source.canonical.aixem,sha256:a81da5b42bc81e81fda0f05e52e673a9c8df7d316ebcc4cec55ec419a9eab59c,archived-by-inventory,legacy/0.4-inventory.json,AIXEM-RELEASE-040-001,The nested 0.3 baseline is audit-preserved by digest and disposition rather than copied into the 0.5 source tree.
baseline/aixem-component-graphics-baseline-0.3-2026-08-10/implementation/vertical-slice/esp32-sensor/viewer.html,sha256:a51da93e15121094a209eeb9b0f3fd74c9faec6496b59468676be313c66b0f19,archived-by-inventory,legacy/0.4-inventory.json,AIXEM-RELEASE-040-001,The nested 0.3 baseline is audit-preserved by digest and disposition rather than copied into the 0.5 source tree.
baseline/aixem-component-graphics-baseline-0.3-2026-08-10/implementation/vertical-slice/voltage-divider/compile-report.json,sha256:0e300b5e5041025c80208976820e8ee683cc65c5d34befc3f5f2b2b78327ecac,archived-by-inventory,legacy/0.4-inventory.json,AIXEM-RELEASE-040-001,The nested 0.3 baseline is audit-preserved by digest and disposition rather than copied into the 0.5 source tree.
baseline/aixem-component-graphics-baseline-0.3-2026-08-10/implementation/vertical-slice/voltage-divider/layout.json,sha256:9e4b3e6dcd5e214033c91b58d0a853cecabab00c714789406bfbcee26d25f94d,archived-by-inventory,legacy/0.4-inventory.json,AIXEM-RELEASE-040-001,The nested 0.3 baseline is audit-preserved by digest and disposition rather than copied into the 0.5 source tree.
baseline/aixem-component-graphics-baseline-0.3-2026-08-10/implementation/vertical-slice/voltage-divider/render.json,sha256:de9b779e1ee67b4f103ee7080945d9df48c99947ffb7c101ec4725dbd6265f99,archived-by-inventory,legacy/0.4-inventory.json,AIXEM-RELEASE-040-001,The nested 0.3 baseline is audit-preserved by digest and disposition rather than copied into the 0.5 source tree.
baseline/aixem-component-graphics-baseline-0.3-2026-08-10/implementation/vertical-slice/voltage-divider/semantic.json,sha256:81d9929a3464f74021e580f485bc7fc70993f080114a2236d7bf22d7b0396a56,archived-by-inventory,legacy/0.4-inventory.json,AIXEM-RELEASE-040-001,The nested 0.3 baseline is audit-preserved by digest and disposition rather than copied into the 0.5 source tree.
baseline/aixem-component-graphics-baseline-0.3-2026-08-10/implementation/vertical-slice/voltage-divider/source.canonical.aixem,sha256:1df2ed5091fd6e32e1fdfbb0e2464ca98f8681335c81831d078089a82a384023,archived-by-inventory,legacy/0.4-inventory.json,AIXEM-RELEASE-040-001,The nested 0.3 baseline is audit-preserved by digest and disposition rather than copied into the 0.5 source tree.
baseline/aixem-component-graphics-baseline-0.3-2026-08-10/implementation/vertical-slice/voltage-divider/viewer.html,sha256:ad4e761bdf77a9e749b35ef410d1f6ff5938ad4908c3557a4b70f4d8e840160d,archived-by-inventory,legacy/0.4-inventory.json,AIXEM-RELEASE-040-001,The nested 0.3 baseline is audit-preserved by digest and disposition rather than copied into the 0.5 source tree.
baseline/aixem-component-graphics-baseline-0.3-2026-08-10/implementation/web/aixem.wasm,sha256:8d79fdc27b2c2f00ac7b25cb4f81ce2fa3a784abd082f4751e63602c64abbd67,archived-by-inventory,legacy/0.4-inventory.json,AIXEM-RELEASE-040-001,The nested 0.3 baseline is audit-preserved by digest and disposition rather than copied into the 0.5 source tree.
baseline/aixem-component-graphics-baseline-0.3-2026-08-10/implementation/web/app.mjs,sha256:87df8cbe3a9a76da37b523b7fe9f5424d3b2eb66271362829daabc58421031fa,archived-by-inventory,legacy/0.4-inventory.json,AIXEM-RELEASE-040-001,The nested 0.3 baseline is audit-preserved by digest and disposition rather than copied into the 0.5 source tree.
baseline/aixem-component-graphics-baseline-0.3-2026-08-10/implementation/web/examples/esp32-sensor.aixem,sha256:30b48d9c3ae4634a32985117f6f0702a9078af77ce8a8af4f483a7a7b20b4e42,archived-by-inventory,legacy/0.4-inventory.json,AIXEM-RELEASE-040-001,The nested 0.3 baseline is audit-preserved by digest and disposition rather than copied into the 0.5 source tree.
baseline/aixem-component-graphics-baseline-0.3-2026-08-10/implementation/web/examples/voltage-divider.aixem,sha256:99e34f2fda5e0618cfa0443f549f7e7086839781c7ed4e2a66add158db0a48f2,archived-by-inventory,legacy/0.4-inventory.json,AIXEM-RELEASE-040-001,The nested 0.3 baseline is audit-preserved by digest and disposition rather than copied into the 0.5 source tree.
baseline/aixem-component-graphics-baseline-0.3-2026-08-10/implementation/web/index.html,sha256:9b3f7c5bf1f80ca92d388538324193fe69867c89372dfc0b6da12e2d450bf886,archived-by-inventory,legacy/0.4-inventory.json,AIXEM-RELEASE-040-001,The nested 0.3 baseline is audit-preserved by digest and disposition rather than copied into the 0.5 source tree.
baseline/aixem-component-graphics-baseline-0.3-2026-08-10/implementation/web/readme.md,sha256:9cca758ecd35f027c3377ca1f4b011ba99a81357c83b8708f76ce93261ee99a6,archived-by-inventory,legacy/0.4-inventory.json,AIXEM-RELEASE-040-001,The nested 0.3 baseline is audit-preserved by digest and disposition rather than copied into the 0.5 source tree.
baseline/aixem-component-graphics-baseline-0.3-2026-08-10/implementation/web/serve.mjs,sha256:483b72282a86631220d6d17c2a4404f09d3760cf12f774c1172a87b761258e2a,archived-by-inventory,legacy/0.4-inventory.json,AIXEM-RELEASE-040-001,The nested 0.3 baseline is audit-preserved by digest and disposition rather than copied into the 0.5 source tree.
baseline/aixem-component-graphics-baseline-0.3-2026-08-10/implementation/web/styles.css,sha256:279aa0c78c61665a10f660c36db39f084c798a1ebb5e1c498357c4b96bf752ca,archived-by-inventory,legacy/0.4-inventory.json,AIXEM-RELEASE-040-001,The nested 0.3 baseline is audit-preserved by digest and disposition rather than copied into the 0.5 source tree.
baseline/aixem-component-graphics-baseline-0.3-2026-08-10/implementation/web/viewer.mjs,sha256:22c6ce9b224e9af28a65ee69550198743364bdf5ad021aa8c3bc76ef9e1696ae,archived-by-inventory,legacy/0.4-inventory.json,AIXEM-RELEASE-040-001,The nested 0.3 baseline is audit-preserved by digest and disposition rather than copied into the 0.5 source tree.
baseline/aixem-component-graphics-baseline-0.3-2026-08-10/implementation/web/wasm_exec.js,sha256:45ce9dfe7211247544ab6f4268eb8cb5b6f3d5ae602dc3b51447b7eada99c229,archived-by-inventory,legacy/0.4-inventory.json,AIXEM-RELEASE-040-001,The nested 0.3 baseline is audit-preserved by digest and disposition rather than copied into the 0.5 source tree.
baseline/aixem-component-graphics-baseline-0.3-2026-08-10/implementation/web/worker.js,sha256:266627d21adca54eea0ca0c5d7a8650daf995dd4132f2e6aec63889746417cda,archived-by-inventory,legacy/0.4-inventory.json,AIXEM-RELEASE-040-001,The nested 0.3 baseline is audit-preserved by digest and disposition rather than copied into the 0.5 source tree.
baseline/aixem-component-graphics-baseline-0.3-2026-08-10/manifest.sha256,sha256:61ad2310f19ca372d43142b853a9cdbaa2ec5bf4d0a44babdbaa71da3bc28756,archived-by-inventory,legacy/0.4-inventory.json,AIXEM-RELEASE-040-001,The nested 0.3 baseline is audit-preserved by digest and disposition rather than copied into the 0.5 source tree.
baseline/aixem-component-graphics-baseline-0.3-2026-08-10/readme.md,sha256:6bb2e2cd816379b37c9e7e0e0f4dbd7e320eb557b74496ad0064c3c89155660f,archived-by-inventory,legacy/0.4-inventory.json,AIXEM-RELEASE-040-001,The nested 0.3 baseline is audit-preserved by digest and disposition rather than copied into the 0.5 source tree.
baseline/aixem-component-graphics-baseline-0.3-2026-08-10/registers/change-request-register.json,sha256:ef615b9badde8e63d2af4ca7dc832774ce6f7c87550d41798a4b488931a2b197,archived-by-inventory,legacy/0.4-inventory.json,AIXEM-RELEASE-040-001,The nested 0.3 baseline is audit-preserved by digest and disposition rather than copied into the 0.5 source tree.
baseline/aixem-component-graphics-baseline-0.3-2026-08-10/registers/decision-register.json,sha256:a9ba846a89332104437af7ee7e0bfe0eaebe0508aec25871ee0f6eee6806cf62,archived-by-inventory,legacy/0.4-inventory.json,AIXEM-RELEASE-040-001,The nested 0.3 baseline is audit-preserved by digest and disposition rather than copied into the 0.5 source tree.
baseline/aixem-component-graphics-baseline-0.3-2026-08-10/registers/document-register.json,sha256:357313e1e9a92155466448fb694f0d36ea366f788f0006199fa5455599270a66,archived-by-inventory,legacy/0.4-inventory.json,AIXEM-RELEASE-040-001,The nested 0.3 baseline is audit-preserved by digest and disposition rather than copied into the 0.5 source tree.
baseline/aixem-component-graphics-baseline-0.3-2026-08-10/registers/naming-exceptions.json,sha256:a25e7c25cdfc4e680f32408b762d563b232e20818b4a854dbccaa487c8851015,archived-by-inventory,legacy/0.4-inventory.json,AIXEM-RELEASE-040-001,The nested 0.3 baseline is audit-preserved by digest and disposition rather than copied into the 0.5 source tree.
baseline/aixem-component-graphics-baseline-0.3-2026-08-10/registers/path-migration-map.json,sha256:310feef86ba484277ba1915539afcfb4e6d31d492be98bbf7c400ffde8f07524,archived-by-inventory,legacy/0.4-inventory.json,AIXEM-RELEASE-040-001,The nested 0.3 baseline is audit-preserved by digest and disposition rather than copied into the 0.5 source tree.
baseline/aixem-component-graphics-baseline-0.3-2026-08-10/registers/schemas/change-request-register.schema.json,sha256:344f794697f9ab0e6d667340627c86659e3003a1478bb434416d4cedf4d06e05,archived-by-inventory,legacy/0.4-inventory.json,AIXEM-RELEASE-040-001,The nested 0.3 baseline is audit-preserved by digest and disposition rather than copied into the 0.5 source tree.
baseline/aixem-component-graphics-baseline-0.3-2026-08-10/registers/schemas/decision-register.schema.json,sha256:9c9c2fbea2256591452903adc90b6dddca42bb2a13835b8c45d81d462c2ba251,archived-by-inventory,legacy/0.4-inventory.json,AIXEM-RELEASE-040-001,The nested 0.3 baseline is audit-preserved by digest and disposition rather than copied into the 0.5 source tree.
baseline/aixem-component-graphics-baseline-0.3-2026-08-10/registers/schemas/document-register.schema.json,sha256:320072e30c43ab27b011b6300b24d7b75f069642df0b27e2e90d67caa3778724,archived-by-inventory,legacy/0.4-inventory.json,AIXEM-RELEASE-040-001,The nested 0.3 baseline is audit-preserved by digest and disposition rather than copied into the 0.5 source tree.
baseline/aixem-component-graphics-baseline-0.3-2026-08-10/registers/schemas/documentation-validation.schema.json,sha256:e4a1895090e00b45321946e12fac262526b35712dbba0d3d5f4d1aa1263d35e5,archived-by-inventory,legacy/0.4-inventory.json,AIXEM-RELEASE-040-001,The nested 0.3 baseline is audit-preserved by digest and disposition rather than copied into the 0.5 source tree.
baseline/aixem-component-graphics-baseline-0.3-2026-08-10/registers/schemas/final-validation-report.schema.json,sha256:d80c10f439d2a203776a98c3f062c6b5727e851d4acbb26a6282cc75af73d81c,archived-by-inventory,legacy/0.4-inventory.json,AIXEM-RELEASE-040-001,The nested 0.3 baseline is audit-preserved by digest and disposition rather than copied into the 0.5 source tree.
baseline/aixem-component-graphics-baseline-0.3-2026-08-10/registers/schemas/naming-exceptions.schema.json,sha256:1f79d22ac84485ba6c5b8a99d13b8e4bdcee07e6d34a3197bd2913ff1991d262,archived-by-inventory,legacy/0.4-inventory.json,AIXEM-RELEASE-040-001,The nested 0.3 baseline is audit-preserved by digest and disposition rather than copied into the 0.5 source tree.
baseline/aixem-component-graphics-baseline-0.3-2026-08-10/registers/schemas/path-migration-map.schema.json,sha256:00a54c19a253e466239ec5c867fe1ea1748b4a09bffda29fa22fdc981a4dde93,archived-by-inventory,legacy/0.4-inventory.json,AIXEM-RELEASE-040-001,The nested 0.3 baseline is audit-preserved by digest and disposition rather than copied into the 0.5 source tree.
baseline/aixem-component-graphics-baseline-0.3-2026-08-10/registers/schemas/review-loop-report.schema.json,sha256:e9d71bcc48d366b179b0975e4c818b7ac9ecac62fa9247631d49afaa2db2f437,archived-by-inventory,legacy/0.4-inventory.json,AIXEM-RELEASE-040-001,The nested 0.3 baseline is audit-preserved by digest and disposition rather than copied into the 0.5 source tree.
baseline/aixem-component-graphics-baseline-0.3-2026-08-10/registers/schemas/terminology-register.schema.json,sha256:b22827f09db9d824cdee4691f2f5407314d44ca6bc881279f27664f56e690ae0,archived-by-inventory,legacy/0.4-inventory.json,AIXEM-RELEASE-040-001,The nested 0.3 baseline is audit-preserved by digest and disposition rather than copied into the 0.5 source tree.
baseline/aixem-component-graphics-baseline-0.3-2026-08-10/registers/schemas/visual-render-validation.schema.json,sha256:4e8aab2ca72d0cf310cad7d78c7bf336c2e5df18ae53a7a89e5ad9e539fe5d53,archived-by-inventory,legacy/0.4-inventory.json,AIXEM-RELEASE-040-001,The nested 0.3 baseline is audit-preserved by digest and disposition rather than copied into the 0.5 source tree.
baseline/aixem-component-graphics-baseline-0.3-2026-08-10/registers/terminology-register.json,sha256:3a7592b3167de4c87478bd502211d91c7272ab8187d8a89733e496576b3cb56f,archived-by-inventory,legacy/0.4-inventory.json,AIXEM-RELEASE-040-001,The nested 0.3 baseline is audit-preserved by digest and disposition rather than copied into the 0.5 source tree.
baseline/aixem-component-graphics-baseline-0.3-2026-08-10/release-metadata.json,sha256:41736dac4a486808a9bda21b9151c9c52973eb7087bcc799415ffa882f05cf2d,archived-by-inventory,legacy/0.4-inventory.json,AIXEM-RELEASE-040-001,The nested 0.3 baseline is audit-preserved by digest and disposition rather than copied into the 0.5 source tree.
baseline/aixem-component-graphics-baseline-0.3-2026-08-10/release-notes.md,sha256:3888fc48d279a57f847d037e675e49fe2431b13bd798e8a3436c61115bd9fb15,archived-by-inventory,legacy/0.4-inventory.json,AIXEM-RELEASE-040-001,The nested 0.3 baseline is audit-preserved by digest and disposition rather than copied into the 0.5 source tree.
baseline/aixem-component-graphics-baseline-0.3-2026-08-10/specification-candidates/cad-expressiveness-assessment.md,sha256:2266dae3152ce79a61a0436ed31c809b7aff513625abb9416a6e62214c447b6b,archived-by-inventory,legacy/0.4-inventory.json,AIXEM-RELEASE-040-001,The nested 0.3 baseline is audit-preserved by digest and disposition rather than copied into the 0.5 source tree.
baseline/aixem-component-graphics-baseline-0.3-2026-08-10/specification-candidates/component-graphics-profile-1.md,sha256:aee7d96b54dee9b649b215c03ee5216203b37712c53a6fc7415fee5beed21781,archived-by-inventory,legacy/0.4-inventory.json,AIXEM-RELEASE-040-001,The nested 0.3 baseline is audit-preserved by digest and disposition rather than copied into the 0.5 source tree.
baseline/aixem-component-graphics-baseline-0.3-2026-08-10/specification-candidates/component-library-format-1.md,sha256:e886724e7d86c70c21a41a9ac1e2ba6efb51e3bd2dd226d5c3062524ae4c1f9e,archived-by-inventory,legacy/0.4-inventory.json,AIXEM-RELEASE-040-001,The nested 0.3 baseline is audit-preserved by digest and disposition rather than copied into the 0.5 source tree.
baseline/aixem-component-graphics-baseline-0.3-2026-08-10/specification-candidates/explicit-layout-format-1.md,sha256:587b4ec6a1a3dc4771b57628b35d050048cd85dd102940f45762587d391a2297,archived-by-inventory,legacy/0.4-inventory.json,AIXEM-RELEASE-040-001,The nested 0.3 baseline is audit-preserved by digest and disposition rather than copied into the 0.5 source tree.
baseline/aixem-component-graphics-baseline-0.3-2026-08-10/specification-candidates/project-package-format-1.md,sha256:5f739eba865c7638a1774d74ad2e2d50c26771b5c9bd620894935c49b82c523d,archived-by-inventory,legacy/0.4-inventory.json,AIXEM-RELEASE-040-001,The nested 0.3 baseline is audit-preserved by digest and disposition rather than copied into the 0.5 source tree.
baseline/aixem-component-graphics-baseline-0.3-2026-08-10/specification-candidates/readme.md,sha256:63e5c36a2bc8faafdfdda37ef7b13b573c22cfc28b942a3dc61caa6ffe401f91,archived-by-inventory,legacy/0.4-inventory.json,AIXEM-RELEASE-040-001,The nested 0.3 baseline is audit-preserved by digest and disposition rather than copied into the 0.5 source tree.
baseline/aixem-component-graphics-baseline-0.3-2026-08-10/specification-candidates/schemas/aixem-component-library-1.schema.json,sha256:85d1977d263f0ee6f86db615c2f4b9c43fbd1e534b1446f5fcdb2b58e16417cc,archived-by-inventory,legacy/0.4-inventory.json,AIXEM-RELEASE-040-001,The nested 0.3 baseline is audit-preserved by digest and disposition rather than copied into the 0.5 source tree.
baseline/aixem-component-graphics-baseline-0.3-2026-08-10/specification-candidates/schemas/aixem-explicit-layout-1.schema.json,sha256:4f92e5e292a694aabfca922cc449f2f59a1a08e6465181a096a62b47b23bfca7,archived-by-inventory,legacy/0.4-inventory.json,AIXEM-RELEASE-040-001,The nested 0.3 baseline is audit-preserved by digest and disposition rather than copied into the 0.5 source tree.
baseline/aixem-component-graphics-baseline-0.3-2026-08-10/specification-candidates/schemas/aixem-project-manifest-1.schema.json,sha256:056932ff46d7b6928f3b01dba50403353bdfda8f4d28e8b7bf0d38ab1dd39a41,archived-by-inventory,legacy/0.4-inventory.json,AIXEM-RELEASE-040-001,The nested 0.3 baseline is audit-preserved by digest and disposition rather than copied into the 0.5 source tree.
baseline/aixem-component-graphics-baseline-0.3-2026-08-10/specification-candidates/schemas/aixem-symbol-asset-1.schema.json,sha256:ba4d442591f6e53daf07f9d8f85e2026043f4e93ae0710e2578447dd3c466831,archived-by-inventory,legacy/0.4-inventory.json,AIXEM-RELEASE-040-001,The nested 0.3 baseline is audit-preserved by digest and disposition rather than copied into the 0.5 source tree.
baseline/aixem-component-graphics-baseline-0.3-2026-08-10/specification-candidates/symbol-asset-format-1.md,sha256:84cdf1e9e101d70abe0fbbe7c15e6a5b5a4bdfa3dd1ff53d576b76d4507c404f,archived-by-inventory,legacy/0.4-inventory.json,AIXEM-RELEASE-040-001,The nested 0.3 baseline is audit-preserved by digest and disposition rather than copied into the 0.5 source tree.
baseline/aixem-component-graphics-baseline-0.3-2026-08-10/validation/documentation-validation.json,sha256:578bb5324d24ee565c91ff1487ce6f609dae1ffd7c9fa627621f40950e57463e,archived-by-inventory,legacy/0.4-inventory.json,AIXEM-RELEASE-040-001,The nested 0.3 baseline is audit-preserved by digest and disposition rather than copied into the 0.5 source tree.
baseline/aixem-component-graphics-baseline-0.3-2026-08-10/validation/final-validation-report.json,sha256:c202ca806aeafa117b7c593c589e3636b4484e7018ba760a32022ce3bbb34260,archived-by-inventory,legacy/0.4-inventory.json,AIXEM-RELEASE-040-001,The nested 0.3 baseline is audit-preserved by digest and disposition rather than copied into the 0.5 source tree.
baseline/aixem-component-graphics-baseline-0.3-2026-08-10/validation/final-validation-report.md,sha256:cc6c9e536b99e8e6809b8eab0d59b994c93654dc49f2d6db828b83261242c321,archived-by-inventory,legacy/0.4-inventory.json,AIXEM-RELEASE-040-001,The nested 0.3 baseline is audit-preserved by digest and disposition rather than copied into the 0.5 source tree.
baseline/aixem-component-graphics-baseline-0.3-2026-08-10/validation/loop-01-final.json,sha256:b4e88b87879dc42b05f54d86a88429a5bd33f05fc4607a4fd05a1c07837e3818,archived-by-inventory,legacy/0.4-inventory.json,AIXEM-RELEASE-040-001,The nested 0.3 baseline is audit-preserved by digest and disposition rather than copied into the 0.5 source tree.
baseline/aixem-component-graphics-baseline-0.3-2026-08-10/validation/loop-01-initial.json,sha256:242c059cb96fee1e6d483a0be4727769f2376f002a3b2771dcfd30d37ba8cf3f,archived-by-inventory,legacy/0.4-inventory.json,AIXEM-RELEASE-040-001,The nested 0.3 baseline is audit-preserved by digest and disposition rather than copied into the 0.5 source tree.
baseline/aixem-component-graphics-baseline-0.3-2026-08-10/validation/loop-01-report.md,sha256:acafcbcded7355f7f8e8f269d4a304d218cd050d3b5c052dd33f28e9b8d66324,archived-by-inventory,legacy/0.4-inventory.json,AIXEM-RELEASE-040-001,The nested 0.3 baseline is audit-preserved by digest and disposition rather than copied into the 0.5 source tree.
baseline/aixem-component-graphics-baseline-0.3-2026-08-10/validation/loop-02-final.json,sha256:4ce5eeb24f53816cb8a0662d61a9a9bab866aea172217f003a327b00103499a1,archived-by-inventory,legacy/0.4-inventory.json,AIXEM-RELEASE-040-001,The nested 0.3 baseline is audit-preserved by digest and disposition rather than copied into the 0.5 source tree.
baseline/aixem-component-graphics-baseline-0.3-2026-08-10/validation/loop-02-initial.json,sha256:5edd65fff57eeeec81cfe705cd439dfa0233638d7d94f6473a67c7d5c6025fd9,archived-by-inventory,legacy/0.4-inventory.json,AIXEM-RELEASE-040-001,The nested 0.3 baseline is audit-preserved by digest and disposition rather than copied into the 0.5 source tree.
baseline/aixem-component-graphics-baseline-0.3-2026-08-10/validation/loop-02-report.md,sha256:55ea114a80a4fb8c18a091fdf5e3887c7e53d114d7c95ad0e8da5b98382c64fe,archived-by-inventory,legacy/0.4-inventory.json,AIXEM-RELEASE-040-001,The nested 0.3 baseline is audit-preserved by digest and disposition rather than copied into the 0.5 source tree.
baseline/aixem-component-graphics-baseline-0.3-2026-08-10/validation/loop-03-final.json,sha256:4e8fff045b539fb1da3eb72f43e6dacd3564695cfb0b7bbedb87e265f83ff528,archived-by-inventory,legacy/0.4-inventory.json,AIXEM-RELEASE-040-001,The nested 0.3 baseline is audit-preserved by digest and disposition rather than copied into the 0.5 source tree.
baseline/aixem-component-graphics-baseline-0.3-2026-08-10/validation/loop-03-initial.json,sha256:0e30e8f76377b687bbd79980315f41816b59e6a98ce0d9c923b9079e1336afbd,archived-by-inventory,legacy/0.4-inventory.json,AIXEM-RELEASE-040-001,The nested 0.3 baseline is audit-preserved by digest and disposition rather than copied into the 0.5 source tree.
baseline/aixem-component-graphics-baseline-0.3-2026-08-10/validation/loop-03-report.md,sha256:61646a529d8ea6267bd90610d9c246f1903bd56989291aeb333c8624833190f2,archived-by-inventory,legacy/0.4-inventory.json,AIXEM-RELEASE-040-001,The nested 0.3 baseline is audit-preserved by digest and disposition rather than copied into the 0.5 source tree.
baseline/aixem-component-graphics-baseline-0.3-2026-08-10/validation/screenshots/component-graphics-model-desktop.png,sha256:f09171ec4854241185b858c3f3b258b73e8e6572aebb3ce075dc377a49acc788,archived-by-inventory,legacy/0.4-inventory.json,AIXEM-RELEASE-040-001,The nested 0.3 baseline is audit-preserved by digest and disposition rather than copied into the 0.5 source tree.
baseline/aixem-component-graphics-baseline-0.3-2026-08-10/validation/screenshots/conformance-and-evidence-desktop.png,sha256:8d525f03417cd1a8b4254d78b303c7b113589b757cf39a6db8888535fb7ea78e,archived-by-inventory,legacy/0.4-inventory.json,AIXEM-RELEASE-040-001,The nested 0.3 baseline is audit-preserved by digest and disposition rather than copied into the 0.5 source tree.
baseline/aixem-component-graphics-baseline-0.3-2026-08-10/validation/screenshots/documentation-map-desktop.png,sha256:5287d2b03f5a760a1e75b700f9bbd266980ea52ae6111e9b93c14d8f44c7396e,archived-by-inventory,legacy/0.4-inventory.json,AIXEM-RELEASE-040-001,The nested 0.3 baseline is audit-preserved by digest and disposition rather than copied into the 0.5 source tree.
baseline/aixem-component-graphics-baseline-0.3-2026-08-10/validation/screenshots/example-projects-desktop.png,sha256:f76b49154ba4a389a4e6833b0cd61fb9ea9610ceb6999927ccce8cf8c3075a47,archived-by-inventory,legacy/0.4-inventory.json,AIXEM-RELEASE-040-001,The nested 0.3 baseline is audit-preserved by digest and disposition rather than copied into the 0.5 source tree.
baseline/aixem-component-graphics-baseline-0.3-2026-08-10/validation/screenshots/index-desktop.png,sha256:1fc72ed690982674bc2a3c5b035432bb3ae88e35e2e7ac2a2d56f3f77b7e505e,archived-by-inventory,legacy/0.4-inventory.json,AIXEM-RELEASE-040-001,The nested 0.3 baseline is audit-preserved by digest and disposition rather than copied into the 0.5 source tree.
baseline/aixem-component-graphics-baseline-0.3-2026-08-10/validation/screenshots/processing-and-authority-desktop.png,sha256:f4d9847b61aabc700b4793c697522ff6b2ce7a12a277caa582e43faaf093b128,archived-by-inventory,legacy/0.4-inventory.json,AIXEM-RELEASE-040-001,The nested 0.3 baseline is audit-preserved by digest and disposition rather than copied into the 0.5 source tree.
baseline/aixem-component-graphics-baseline-0.3-2026-08-10/validation/screenshots/system-overview-desktop.png,sha256:84ad5c58c73bbf81be60b0808bd90818cbad8a6a3ca3142e7d903704a4e477f2,archived-by-inventory,legacy/0.4-inventory.json,AIXEM-RELEASE-040-001,The nested 0.3 baseline is audit-preserved by digest and disposition rather than copied into the 0.5 source tree.
baseline/aixem-component-graphics-baseline-0.3-2026-08-10/validation/visual-render-validation.json,sha256:e286a5e3502d7ccdb31530ee93bb2b71045ffdbef095ef3d23ed3f20556c1f15,archived-by-inventory,legacy/0.4-inventory.json,AIXEM-RELEASE-040-001,The nested 0.3 baseline is audit-preserved by digest and disposition rather than copied into the 0.5 source tree.
baseline/aixem-component-graphics-baseline-0.3-2026-08-10/visuals/component-graphics-model.html,sha256:8927d74178cc0d22b036114c53b9ea2054b77acf657756ab5728bc0e5c185a22,archived-by-inventory,legacy/0.4-inventory.json,AIXEM-RELEASE-040-001,The nested 0.3 baseline is audit-preserved by digest and disposition rather than copied into the 0.5 source tree.
baseline/aixem-component-graphics-baseline-0.3-2026-08-10/visuals/conformance-and-evidence.html,sha256:3fea742e6f2d8607bf13b0808000c1312df72214996c49702c63c3840bcb70db,archived-by-inventory,legacy/0.4-inventory.json,AIXEM-RELEASE-040-001,The nested 0.3 baseline is audit-preserved by digest and disposition rather than copied into the 0.5 source tree.
baseline/aixem-component-graphics-baseline-0.3-2026-08-10/visuals/documentation-map.html,sha256:ecd61a184af179d6ea32f08c69bab2d9b1ca75105da3170a4c8b17151001ae03,archived-by-inventory,legacy/0.4-inventory.json,AIXEM-RELEASE-040-001,The nested 0.3 baseline is audit-preserved by digest and disposition rather than copied into the 0.5 source tree.
baseline/aixem-component-graphics-baseline-0.3-2026-08-10/visuals/example-projects.html,sha256:bbc68b3cd9063ff1205fc38ff44f85b3398f834a4b96c1410de0bf85464f0583,archived-by-inventory,legacy/0.4-inventory.json,AIXEM-RELEASE-040-001,The nested 0.3 baseline is audit-preserved by digest and disposition rather than copied into the 0.5 source tree.
baseline/aixem-component-graphics-baseline-0.3-2026-08-10/visuals/index.html,sha256:c1cab16c88f3dea97d0e3ca9002a13bd4d5d368956fe4dfc563b8949c9e0e7e8,archived-by-inventory,legacy/0.4-inventory.json,AIXEM-RELEASE-040-001,The nested 0.3 baseline is audit-preserved by digest and disposition rather than copied into the 0.5 source tree.
baseline/aixem-component-graphics-baseline-0.3-2026-08-10/visuals/processing-and-authority.html,sha256:fca5d1e9cf432c4836f49dbc831c3bc3be39159f36e8a665f1b865c5cdce9a94,archived-by-inventory,legacy/0.4-inventory.json,AIXEM-RELEASE-040-001,The nested 0.3 baseline is audit-preserved by digest and disposition rather than copied into the 0.5 source tree.
baseline/aixem-component-graphics-baseline-0.3-2026-08-10/visuals/system-overview.html,sha256:2ec9dbb0ef6a5db1a59889064ab55bb0ed4a76612aadec4233aed77f6aaed83c,archived-by-inventory,legacy/0.4-inventory.json,AIXEM-RELEASE-040-001,The nested 0.3 baseline is audit-preserved by digest and disposition rather than copied into the 0.5 source tree.
docs/00-release-overview.md,sha256:dd8597f178a3152e1ed39f1a0aa3612b89f5c5f9cd898f604858f94311cd1f7c,canonicalized,docs/releases/0.4.md; docs/releases/0.5.md,AIXEM-RELEASE-040-001; AIXEM-RELEASE-050-001,The 0.4 source was normalized into the listed canonical 0.5 document or artifact.
docs/01-package-and-authority-map.md,sha256:a26e84c4d58a6384fe75a3f95d3566d468b9b1dd6c08116640ac0abf846049bf,canonicalized,docs/concepts/authority-model.md; docs/architecture/artifact-store.md,AIXEM-ARCH-ARTIFACT-001; AIXEM-CONCEPT-AUTHORITY-001,The 0.4 source was normalized into the listed canonical 0.5 document or artifact.
docs/02-grid-schematic-visual-language.md,sha256:ef44bd07fb0c2a8f8542102bff9019153eba420bff5f20b1a0b702c786b00d0e,canonicalized,docs/schematic/visual-language.md; docs/schematic/grid-system.md,AIXEM-SCHEM-GRID-001; AIXEM-SCHEM-VISUAL-001,The 0.4 source was normalized into the listed canonical 0.5 document or artifact.
docs/03-symbol-authoring-and-pin-model.md,sha256:c88181ba5ad5443bedceb998abe0711c15f5a580abd84575c16cee6a88b65e72,canonicalized,docs/symbols/authoring-guide.md; docs/symbols/pins-and-ports.md,AIXEM-SYMBOL-AUTHORING-001; AIXEM-SYMBOL-PORTS-001,The 0.4 source was normalized into the listed canonical 0.5 document or artifact.
docs/04-orthogonal-routing-and-net-semantics.md,sha256:31d0dedcc6a3e440ba4a35c823557108b598aa7edad8797c0c9adaf4e0754c07,canonicalized,docs/routing/orthogonal-routing.md; docs/routing/net-routing.md,AIXEM-ROUTE-NETS-001; AIXEM-ROUTE-ORTHO-001,The 0.4 source was normalized into the listed canonical 0.5 document or artifact.
docs/05-reference-navigation-architecture.md,sha256:e58797f790496579aad2268ce7592e5455bfb2e060007ed230ba1d8242115585,canonicalized,docs/agent/retrieval.md; docs/agent/task-routing.md,AIXEM-AGENT-RETRIEVAL-001; AIXEM-AGENT-ROUTES-001,The 0.4 source was normalized into the listed canonical 0.5 document or artifact.
docs/06-agent-task-execution-protocol.md,sha256:bdf1da12bf1414bfc3096d4f802d3ad2d6aca0a7991c8313ed25085e42124996,canonicalized,docs/agent/architecture.md; docs/agent/validation-loop.md,AIXEM-AGENT-ARCH-001; AIXEM-AGENT-VALIDATION-001,The 0.4 source was normalized into the listed canonical 0.5 document or artifact.
docs/07-system-architecture-and-services.md,sha256:a30993d70d915b510f54b9cb05aafa25735b7e4524e73ba0b45ab3b07c2aa538,canonicalized,docs/architecture/system-overview.md; docs/architecture/pipeline.md,AIXEM-ARCH-PIPELINE-001; AIXEM-ARCH-SYSTEM-001,The 0.4 source was normalized into the listed canonical 0.5 document or artifact.
docs/08-cache-digest-and-incremental-loading.md,sha256:a421316ef2655bf9f30417f680e5e47c5d158e339e60d42e45a084f911b15608,canonicalized,docs/architecture/cache.md; docs/concepts/deterministic-builds.md,AIXEM-ARCH-CACHE-001; AIXEM-CONCEPT-DETERMINISM-001,The 0.4 source was normalized into the listed canonical 0.5 document or artifact.
docs/09-validation-and-three-loop-assurance.md,sha256:5aa7d15ea2dd8e058e68c3ea3c7c4ac1d7105d166bb38d8eac3b9364484a84a6,canonicalized,docs/conformance/validation.md; docs/conformance/release-gates.md,AIXEM-CONF-RELEASE-001; AIXEM-CONF-VALIDATION-001,The 0.4 source was normalized into the listed canonical 0.5 document or artifact.
docs/10-ip-independence-and-ui-boundary.md,sha256:bb26da55439362a7229cbcee48de60b33689e26e4576b3b5444a4ebc9a59be33,canonicalized,docs/schematic/visual-language.md; docs/architecture/adr/0003-vendor-neutral-ui.md,AIXEM-ARCH-ADR-0003; AIXEM-SCHEM-VISUAL-001,The 0.4 source was normalized into the listed canonical 0.5 document or artifact.
docs/11-migration-from-0.3.md,sha256:3f1a9bb1993137017e1d4469e2d207f78bd2509e6aa404d6f6c6a9fe116107ad,canonicalized,docs/conformance/compatibility-conformance.md; legacy/0.4-migration-map.json,AIXEM-CONF-COMPAT-001,The 0.4 source was normalized into the listed canonical 0.5 document or artifact.
docs/12-roadmap.md,sha256:f4ce36e4f1b23ac2ed2a9311fea8997268688ed840815a554a25a4c6f66fcde7,canonicalized,docs/releases/0.5.md; planning/releases/0.5.0/documentation-platform.md,AIXEM-RELEASE-050-001,The 0.4 source was normalized into the listed canonical 0.5 document or artifact.
docs/adr/ADR-0040-grid-first-schematic.md,sha256:d1a8146c83bc3b118a4b2892fdb52c2294cca3867bdfc0f4d2a48912fee08b4b,canonicalized,docs/architecture/adr/0001-canonical-doc-root.md; docs/schematic/visual-language.md,AIXEM-ARCH-ADR-0001; AIXEM-SCHEM-VISUAL-001,The 0.4 source was normalized into the listed canonical 0.5 document or artifact.
docs/adr/ADR-0041-route-first-reference.md,sha256:ebf1b67ef5975d615a4e2c906bbdc6936df86224b1383530c276fa9de2f28ad8,canonicalized,docs/architecture/adr/0002-route-first-retrieval.md,AIXEM-ARCH-ADR-0002,The 0.4 source was normalized into the listed canonical 0.5 document or artifact.
docs/adr/ADR-0042-semantic-connectivity-authority.md,sha256:f390bb9d05aa12d243768703fdaafa907420162f38eb034ebacc7fbf7203adae,canonicalized,docs/concepts/authority-model.md; docs/concepts/semantic-model.md,AIXEM-CONCEPT-AUTHORITY-001; AIXEM-CONCEPT-SEMANTIC-001,The 0.4 source was normalized into the listed canonical 0.5 document or artifact.
docs/adr/ADR-0043-independent-workbench.md,sha256:debee117bff065b70cc7fcf88035e4e566d0f0c416fb630a454ea445ea5a7e88,canonicalized,docs/architecture/adr/0003-vendor-neutral-ui.md,AIXEM-ARCH-ADR-0003,The 0.4 source was normalized into the listed canonical 0.5 document or artifact.
examples/electronics-grid-controller/README.md,sha256:47387e1f401cb62f2a159f7490286b47c89bd4776871e449ca09c6a8e34c3a28,retained,examples/electronics-grid-controller/README.md,AIXEM-EXAMPLE-CONTROLLER-001,The example source is retained as an executable 0.5 reference project.
examples/electronics-grid-controller/evidence/project-validation.json,sha256:d6dce585111412a737cefb4948f64e3e331e582ba0b50c5eef88cb6b9e4d71b6,regenerated,examples/electronics-grid-controller/evidence/project-validation.json,AIXEM-EXAMPLE-CONTROLLER-001,"The example output is regenerated deterministically from retained semantic, symbol, layout, and project inputs."
examples/electronics-grid-controller/grid-controller.aixem,sha256:b06e6963859915a5c21945be212899b6280da9ddd076c3dec49ef1d99d2507d6,retained,examples/electronics-grid-controller/grid-controller.aixem,AIXEM-EXAMPLE-CONTROLLER-001,The example source is retained as an executable 0.5 reference project.
examples/electronics-grid-controller/grid-controller.aixlayout.json,sha256:683e43c78b94ee7cb105fdc4e1ae8b046a26d450981f98be4f507d401494cdb0,retained,examples/electronics-grid-controller/grid-controller.aixlayout.json,AIXEM-EXAMPLE-CONTROLLER-001,The example source is retained as an executable 0.5 reference project.
examples/electronics-grid-controller/libraries/grid-electronics.aixlib.json,sha256:873b9133b8001b630f816642ce50bf5f4a00f84cbb175cd2669787729e08f025,retained,examples/electronics-grid-controller/libraries/grid-electronics.aixlib.json,AIXEM-EXAMPLE-CONTROLLER-001,The example source is retained as an executable 0.5 reference project.
examples/electronics-grid-controller/project.aixproj.json,sha256:9b2b36552201286fcf0ffaa25be8ac082ae3707486cf907897ec614835688159,retained,examples/electronics-grid-controller/project.aixproj.json,AIXEM-EXAMPLE-CONTROLLER-001,The example source is retained as an executable 0.5 reference project.
examples/electronics-grid-controller/render/drawing.svg,sha256:cbf6775048b06eeb120530abece8148a73e0b0bebdf493f5cfc7eee9708d8080,regenerated,examples/electronics-grid-controller/render/drawing.svg,AIXEM-EXAMPLE-CONTROLLER-001,"The example output is regenerated deterministically from retained semantic, symbol, layout, and project inputs."
examples/electronics-grid-controller/render/render-manifest.json,sha256:7f0c2aae4750a33558f5ea8bf29ee6e6bbcb8d21eb728f0fd62241cf81a7b585,regenerated,examples/electronics-grid-controller/render/render-manifest.json,AIXEM-EXAMPLE-CONTROLLER-001,"The example output is regenerated deterministically from retained semantic, symbol, layout, and project inputs."
examples/electronics-grid-controller/render/resolved-scene.json,sha256:9ed5e9ce7566acd9caf058f5ba62b653c6fcc922c0154b8d8d59d745fd4b6bfb,regenerated,examples/electronics-grid-controller/render/resolved-scene.json,AIXEM-EXAMPLE-CONTROLLER-001,"The example output is regenerated deterministically from retained semantic, symbol, layout, and project inputs."
examples/electronics-grid-controller/render/viewer.html,sha256:cedd86356da8173256c2623349e6e27fb42e7b26ac5f5729e65a6a6e08e6635f,regenerated,examples/electronics-grid-controller/render/viewer.html,AIXEM-EXAMPLE-CONTROLLER-001,"The example output is regenerated deterministically from retained semantic, symbol, layout, and project inputs."
examples/electronics-grid-controller/render/workbench.html,sha256:cedd86356da8173256c2623349e6e27fb42e7b26ac5f5729e65a6a6e08e6635f,regenerated,examples/electronics-grid-controller/render/workbench.html,AIXEM-EXAMPLE-CONTROLLER-001,"The example output is regenerated deterministically from retained semantic, symbol, layout, and project inputs."
examples/electronics-grid-controller/symbols/analog-front-end.aixsym.json,sha256:56544f87179fd90d34d3ffa5bf6d733df4707e2fda2eece32adb57c4bd5a1ff6,retained,examples/electronics-grid-controller/symbols/analog-front-end.aixsym.json,AIXEM-EXAMPLE-CONTROLLER-001,The example source is retained as an executable 0.5 reference project.
examples/electronics-grid-controller/symbols/buck-regulator.aixsym.json,sha256:794d2154b3821a288933bdb8cc03daa5d68237fd0de2d50c7d5538d76dc24655,retained,examples/electronics-grid-controller/symbols/buck-regulator.aixsym.json,AIXEM-EXAMPLE-CONTROLLER-001,The example source is retained as an executable 0.5 reference project.
examples/electronics-grid-controller/symbols/capacitor.aixsym.json,sha256:a4a46557016e7f828965780176b0b1501fb360eb7d5a3a6e703d3d4341fb7ee4,retained,examples/electronics-grid-controller/symbols/capacitor.aixsym.json,AIXEM-EXAMPLE-CONTROLLER-001,The example source is retained as an executable 0.5 reference project.
examples/electronics-grid-controller/symbols/controller-24.aixsym.json,sha256:27c0ddd46f5abe5c7cc8d3c116a19d7a179db71f52a5021829e6882eb6df0aa8,retained,examples/electronics-grid-controller/symbols/controller-24.aixsym.json,AIXEM-EXAMPLE-CONTROLLER-001,The example source is retained as an executable 0.5 reference project.
examples/electronics-grid-controller/symbols/debug-header-10.aixsym.json,sha256:b978605c193685347cedf930e0f0a8a76d5aa2195ec7a6417c3e4ea62f13f8bb,retained,examples/electronics-grid-controller/symbols/debug-header-10.aixsym.json,AIXEM-EXAMPLE-CONTROLLER-001,The example source is retained as an executable 0.5 reference project.
examples/electronics-grid-controller/symbols/fuse.aixsym.json,sha256:7bad704b4ef0626566c343e2ddd516e2007edece2c2d8f9b4bd301f4d6df5558,retained,examples/electronics-grid-controller/symbols/fuse.aixsym.json,AIXEM-EXAMPLE-CONTROLLER-001,The example source is retained as an executable 0.5 reference project.
examples/electronics-grid-controller/symbols/io-header-8.aixsym.json,sha256:6f75c80a590c4d34cf024937ef114bf4c67deca3793df9b0d838dea90f6ba2aa,retained,examples/electronics-grid-controller/symbols/io-header-8.aixsym.json,AIXEM-EXAMPLE-CONTROLLER-001,The example source is retained as an executable 0.5 reference project.
examples/electronics-grid-controller/symbols/led.aixsym.json,sha256:4ece48f40e0fc2b2f87c553c1d7efb706b46d89579919b36fc41c0631b789d79,retained,examples/electronics-grid-controller/symbols/led.aixsym.json,AIXEM-EXAMPLE-CONTROLLER-001,The example source is retained as an executable 0.5 reference project.
examples/electronics-grid-controller/symbols/mcu-adc.aixsym.json,sha256:c1e57b812e2938310e659e2040d485aeccee915e960296dec945b31262335ed4,retained,examples/electronics-grid-controller/symbols/mcu-adc.aixsym.json,AIXEM-EXAMPLE-CONTROLLER-001,The example source is retained as an executable 0.5 reference project.
examples/electronics-grid-controller/symbols/resistor.aixsym.json,sha256:c30ee87185bc5d5596739bb0343f99a0a602256dd768ea8c58a466eab28d8de8,retained,examples/electronics-grid-controller/symbols/resistor.aixsym.json,AIXEM-EXAMPLE-CONTROLLER-001,The example source is retained as an executable 0.5 reference project.
examples/electronics-grid-controller/symbols/sensor-connector-3.aixsym.json,sha256:44a4b48baec34076c56d390d8b7dbb62e7462673c8c2a28f5b87068ea8f67431,retained,examples/electronics-grid-controller/symbols/sensor-connector-3.aixsym.json,AIXEM-EXAMPLE-CONTROLLER-001,The example source is retained as an executable 0.5 reference project.
examples/electronics-grid-controller/symbols/terminal-2.aixsym.json,sha256:5042a45420e4239d9fa9d2f3fdce81c9c932b42286b6ba13ca33b80877e0f4ce,retained,examples/electronics-grid-controller/symbols/terminal-2.aixsym.json,AIXEM-EXAMPLE-CONTROLLER-001,The example source is retained as an executable 0.5 reference project.
examples/electronics-grid-controller/symbols/tvs-diode.aixsym.json,sha256:4ab8d69e24b6e46dda934f2d97ff4b355d116b773e1d4650d1064778f6ce6469,retained,examples/electronics-grid-controller/symbols/tvs-diode.aixsym.json,AIXEM-EXAMPLE-CONTROLLER-001,The example source is retained as an executable 0.5 reference project.
implementation/reference/generate_reference_content.py,sha256:256305564807bf62f8ecfee2d58ab336c2aacd99ef2f8299367df9525af0be40,canonicalized,tools/docs/aixem_docs.py,AIXEM-ARCH-PIPELINE-001,The 0.4 source was normalized into the listed canonical 0.5 document or artifact.
implementation/schematic/__pycache__/component_core.cpython-313.pyc,sha256:87bf23e1eabcf8295a4117ccc8b0dc8c76dae3e55639a3926e1af977a65828e7,discarded-build-cache,,AIXEM-ARCH-PIPELINE-001,Python bytecode is not a source artifact and is intentionally excluded from 0.5.
implementation/schematic/component_core.py,sha256:27580bee7c48f4250234ab5d06562adadf93c9cfad89a1a7d578d393a67c82a0,canonicalized,implementation/schematic/component_core.py,AIXEM-ARCH-PIPELINE-001,The 0.4 source was normalized into the listed canonical 0.5 document or artifact.
implementation/schematic/generate_baseline_examples.py,sha256:b45ce2b4110000a898423c158aba13e1f0542dfeb3cfdfc2db8a2f0503efaf2c,superseded,implementation/schematic/render_project.py; examples/electronics-grid-controller/,AIXEM-ARCH-PIPELINE-001,One-off 0.4 generation scripts were superseded by retained canonical inputs and deterministic rendering.
implementation/schematic/generate_grid_controller.py,sha256:c48993039db06aae05785b4c23034d188706707f7772e0e54afcf4977f1252c1,superseded,implementation/schematic/render_project.py; examples/electronics-grid-controller/,AIXEM-ARCH-PIPELINE-001,One-off 0.4 generation scripts were superseded by retained canonical inputs and deterministic rendering.
implementation/schematic/render_project.py,sha256:94e01b9206b4685532db854882241e06229cb3b1cca82780afba2387cfefa965,canonicalized,implementation/schematic/render_project.py,AIXEM-ARCH-PIPELINE-001,The 0.4 source was normalized into the listed canonical 0.5 document or artifact.
reference/cards/agent/create-schematic-procedure.aixcard.json,sha256:f572b4cb97a73d66373d917dac57dd8aae02fc9fed06e35f8226abdae054a76f,generated,reference/; docs/_meta/generated/,AIXEM-AGENT-RETRIEVAL-001,The 0.4 reference artifact is now generated from canonical English documentation and authored route metadata.
reference/cards/agent/create-symbol-procedure.aixcard.json,sha256:5645f41a955ff53e4065f3a86ca58588346d407041764ff719433aa88e5c90f7,generated,reference/; docs/_meta/generated/,AIXEM-AGENT-RETRIEVAL-001,The 0.4 reference artifact is now generated from canonical English documentation and authored route metadata.
reference/cards/agent/route-net-procedure.aixcard.json,sha256:0ca620fb1384a0a051b94957c10f9ee64b3fbeccd75357b23172a315a46cd907,generated,reference/; docs/_meta/generated/,AIXEM-AGENT-RETRIEVAL-001,The 0.4 reference artifact is now generated from canonical English documentation and authored route metadata.
reference/cards/agent/transaction-change-control.aixcard.json,sha256:012db2baf3a715aa848476211a8acdcb384ef1647d6709ec984824c3fa40b1d2,generated,reference/; docs/_meta/generated/,AIXEM-AGENT-RETRIEVAL-001,The 0.4 reference artifact is now generated from canonical English documentation and authored route metadata.
reference/cards/assurance/determinism-evidence.aixcard.json,sha256:a00a085eecd8625005d8f406f4a0b55ef2b8bf5b46c8c693f6eaf30a9ed3768f,generated,reference/; docs/_meta/generated/,AIXEM-AGENT-RETRIEVAL-001,The 0.4 reference artifact is now generated from canonical English documentation and authored route metadata.
reference/cards/assurance/security-resource-limits.aixcard.json,sha256:c62e122a33d9e5869ee2ed44b45e4d896de0e324f531af47278a017d0bb23711,generated,reference/; docs/_meta/generated/,AIXEM-AGENT-RETRIEVAL-001,The 0.4 reference artifact is now generated from canonical English documentation and authored route metadata.
reference/cards/assurance/three-loop-review.aixcard.json,sha256:67e3031f9b4f3a101f1ea15d7c2868eefdccc976c0e181a9e1294b18e082781f,generated,reference/; docs/_meta/generated/,AIXEM-AGENT-RETRIEVAL-001,The 0.4 reference artifact is now generated from canonical English documentation and authored route metadata.
reference/cards/assurance/validation-gates.aixcard.json,sha256:3b06c263490cfcd5848f6a7dc2c19081f56d13d694a0e16ddd8b5abf80eac2dc,generated,reference/; docs/_meta/generated/,AIXEM-AGENT-RETRIEVAL-001,The 0.4 reference artifact is now generated from canonical English documentation and authored route metadata.
reference/cards/electronics/controller-demo-example.aixcard.json,sha256:55402fb741d33686a8a5fb73bc8649f15760ac72f8899ea70b4c27853ae6bd2a,generated,reference/; docs/_meta/generated/,AIXEM-AGENT-RETRIEVAL-001,The 0.4 reference artifact is now generated from canonical English documentation and authored route metadata.
reference/cards/electronics/electrical-net-semantics.aixcard.json,sha256:57e32bbc2493951d883aa3baa62de74fd4e91f258c54605ec559b4e4b2b09829,generated,reference/; docs/_meta/generated/,AIXEM-AGENT-RETRIEVAL-001,The 0.4 reference artifact is now generated from canonical English documentation and authored route metadata.
reference/cards/electronics/schematic-project-anatomy.aixcard.json,sha256:0f7f2600eddd596da156e1f787ec4d95ef2ea8443c4804efbfb39a79040965a3,generated,reference/; docs/_meta/generated/,AIXEM-AGENT-RETRIEVAL-001,The 0.4 reference artifact is now generated from canonical English documentation and authored route metadata.
reference/cards/foundation/authority-boundaries.aixcard.json,sha256:4a3778f4112b5a68f9834b648b1b51f251bda9bd1eb2bba64efe2da7749744b0,generated,reference/; docs/_meta/generated/,AIXEM-AGENT-RETRIEVAL-001,The 0.4 reference artifact is now generated from canonical English documentation and authored route metadata.
reference/cards/foundation/deterministic-processing.aixcard.json,sha256:5299db19665e3a6802ddc81c7fb25e8982a08aeb3cc3cae5177ae43a54cc1638,generated,reference/; docs/_meta/generated/,AIXEM-AGENT-RETRIEVAL-001,The 0.4 reference artifact is now generated from canonical English documentation and authored route metadata.
reference/cards/foundation/identity-digests.aixcard.json,sha256:5faf9cf0204d89054e86e62f4dd4931db35cad60ed0d0c9835cd93e69c989468,generated,reference/; docs/_meta/generated/,AIXEM-AGENT-RETRIEVAL-001,The 0.4 reference artifact is now generated from canonical English documentation and authored route metadata.
reference/cards/foundation/package-decomposition.aixcard.json,sha256:74010edc310e3ad0fa3dfe4c61824baf6d3a42b067c13164f99ffcd29b1f0e04,generated,reference/; docs/_meta/generated/,AIXEM-AGENT-RETRIEVAL-001,The 0.4 reference artifact is now generated from canonical English documentation and authored route metadata.
reference/cards/graphics/grid-snap.aixcard.json,sha256:0b4ce32c57375582183869ab5bc72f6bc1adbbc245b32526f623a0aa58a81312,generated,reference/; docs/_meta/generated/,AIXEM-AGENT-RETRIEVAL-001,The 0.4 reference artifact is now generated from canonical English documentation and authored route metadata.
reference/cards/graphics/ip-independent-design.aixcard.json,sha256:757ca05bcdfe8952264463ff8688a8748de4cb4a384bb0ecfb701095d2153977,generated,reference/; docs/_meta/generated/,AIXEM-AGENT-RETRIEVAL-001,The 0.4 reference artifact is now generated from canonical English documentation and authored route metadata.
reference/cards/graphics/junction-no-connect.aixcard.json,sha256:d4e4dfbc7e7c279854a16b25fa431f4944f019f538c7f035af250651790d5a8f,generated,reference/; docs/_meta/generated/,AIXEM-AGENT-RETRIEVAL-001,The 0.4 reference artifact is now generated from canonical English documentation and authored route metadata.
reference/cards/graphics/orthogonal-routing.aixcard.json,sha256:4d2650c1a348365a94086d515ac5157f02678cd7bdcc7447af1379e43f1b7b6e,generated,reference/; docs/_meta/generated/,AIXEM-AGENT-RETRIEVAL-001,The 0.4 reference artifact is now generated from canonical English documentation and authored route metadata.
reference/cards/graphics/pin-port-model.aixcard.json,sha256:344047371f7be53f3050f79c7c687e48a9c321e7044dd73b6859dd6076f98579,generated,reference/; docs/_meta/generated/,AIXEM-AGENT-RETRIEVAL-001,The 0.4 reference artifact is now generated from canonical English documentation and authored route metadata.
reference/cards/graphics/symbol-authoring.aixcard.json,sha256:b6ae1618b0b71192b4877a9fa2d79ddefbcf5a4fe23ee7aa05fad9fc1877a908,generated,reference/; docs/_meta/generated/,AIXEM-AGENT-RETRIEVAL-001,The 0.4 reference artifact is now generated from canonical English documentation and authored route metadata.
reference/cards/graphics/visual-language.aixcard.json,sha256:61388b78c4ed1a339f8d78336bfd297313ec75509a5a4b5f3aa2abd6bc005876,generated,reference/; docs/_meta/generated/,AIXEM-AGENT-RETRIEVAL-001,The 0.4 reference artifact is now generated from canonical English documentation and authored route metadata.
reference/cards/graphics/workbench-ui.aixcard.json,sha256:517624c4d69854a91cdd8c360be2b8dbbbe8c44085d4d33937a52f53fb1f16e6,generated,reference/; docs/_meta/generated/,AIXEM-AGENT-RETRIEVAL-001,The 0.4 reference artifact is now generated from canonical English documentation and authored route metadata.
reference/cards/reference/atomic-cards.aixcard.json,sha256:067fc3d34cd0dda361f1d587ef48ef2236e12709b556c728ebf4476315ce5e5e,generated,reference/; docs/_meta/generated/,AIXEM-AGENT-RETRIEVAL-001,The 0.4 reference artifact is now generated from canonical English documentation and authored route metadata.
reference/cards/reference/cache-digest.aixcard.json,sha256:d989833f42eb59aeb89ff4d4cc75e0d55641506322ee4f9f14095551c2ca7aa9,generated,reference/; docs/_meta/generated/,AIXEM-AGENT-RETRIEVAL-001,The 0.4 reference artifact is now generated from canonical English documentation and authored route metadata.
reference/cards/reference/retrieval-budget.aixcard.json,sha256:7bff5b077082e42bede1310e6fc3b0827428fdb20463e2ccc9b75f7140602051,generated,reference/; docs/_meta/generated/,AIXEM-AGENT-RETRIEVAL-001,The 0.4 reference artifact is now generated from canonical English documentation and authored route metadata.
reference/cards/reference/root-index.aixcard.json,sha256:4287873f3382ede8396c2f1174bdc5747dcc8e89f43a4447027e1fe9cd0251ca,generated,reference/; docs/_meta/generated/,AIXEM-AGENT-RETRIEVAL-001,The 0.4 reference artifact is now generated from canonical English documentation and authored route metadata.
reference/cards/reference/task-routes.aixcard.json,sha256:9c16578a1c04d35402a099fb3005843afe7cdebf3a32e73d7ed61d2e5c829ce9,generated,reference/; docs/_meta/generated/,AIXEM-AGENT-RETRIEVAL-001,The 0.4 reference artifact is now generated from canonical English documentation and authored route metadata.
reference/cards/system/artifact-ownership.aixcard.json,sha256:bafab397b58f8da879f013bb3d3c187334c8e05a187dc676efe08a239eb45c90,generated,reference/; docs/_meta/generated/,AIXEM-AGENT-RETRIEVAL-001,The 0.4 reference artifact is now generated from canonical English documentation and authored route metadata.
reference/cards/system/incremental-pipeline.aixcard.json,sha256:a84e50af74a2e7b7075f873c947fb9bfeabcb95c4d35ce5d2719835f45cfda04,generated,reference/; docs/_meta/generated/,AIXEM-AGENT-RETRIEVAL-001,The 0.4 reference artifact is now generated from canonical English documentation and authored route metadata.
reference/cards/system/service-boundaries.aixcard.json,sha256:4d62010436359f935161efb876b238d2b7f4fa3636056a90272e5cca33ad12fc,generated,reference/; docs/_meta/generated/,AIXEM-AGENT-RETRIEVAL-001,The 0.4 reference artifact is now generated from canonical English documentation and authored route metadata.
reference/domains/agent/index.aixdomain.json,sha256:0394f2b3c1cf18365a4794864e5dfdf2dc89f2a17d4b4026e99c6d3ae71d5fb5,generated,reference/; docs/_meta/generated/,AIXEM-AGENT-RETRIEVAL-001,The 0.4 reference artifact is now generated from canonical English documentation and authored route metadata.
reference/domains/assurance/index.aixdomain.json,sha256:aa9e386b8b37f927afdbf6f17a2600e92d2cb5abadafed828c1e0e51f376de1c,generated,reference/; docs/_meta/generated/,AIXEM-AGENT-RETRIEVAL-001,The 0.4 reference artifact is now generated from canonical English documentation and authored route metadata.
reference/domains/electronics/index.aixdomain.json,sha256:ee0f9bbbffcd0f96afd4905ef26f63e180ab9cc9f00afafc8aca6e923a72e88a,generated,reference/; docs/_meta/generated/,AIXEM-AGENT-RETRIEVAL-001,The 0.4 reference artifact is now generated from canonical English documentation and authored route metadata.
reference/domains/foundation/index.aixdomain.json,sha256:9bb2e4233c2fe66bef7f2255e9bba69acba2c31183d030f6a2c269e0cc88fa65,generated,reference/; docs/_meta/generated/,AIXEM-AGENT-RETRIEVAL-001,The 0.4 reference artifact is now generated from canonical English documentation and authored route metadata.
reference/domains/graphics/index.aixdomain.json,sha256:74988e8a4cd2bd7e75c10d9c36bd5d891155cc079756c6c2b5a5b29813482084,generated,reference/; docs/_meta/generated/,AIXEM-AGENT-RETRIEVAL-001,The 0.4 reference artifact is now generated from canonical English documentation and authored route metadata.
reference/domains/reference/index.aixdomain.json,sha256:44f7bc1aa03eec27786d574676d195d13780ac67de4cd164adcda3823dd8417f,generated,reference/; docs/_meta/generated/,AIXEM-AGENT-RETRIEVAL-001,The 0.4 reference artifact is now generated from canonical English documentation and authored route metadata.
reference/domains/system/index.aixdomain.json,sha256:9e2f67d9570d78dcdf10b682b87c4fc2e2250bba562e0926c539177b6e3b5fd4,generated,reference/; docs/_meta/generated/,AIXEM-AGENT-RETRIEVAL-001,The 0.4 reference artifact is now generated from canonical English documentation and authored route metadata.
reference/index.aixref.json,sha256:8f3621648cd93b2aade2756eb57582afa65d09e80ddff637fa5de0cec44b770e,generated,reference/; docs/_meta/generated/,AIXEM-AGENT-RETRIEVAL-001,The 0.4 reference artifact is now generated from canonical English documentation and authored route metadata.
reference/indexes/artifact-map.aixmap.json,sha256:c9b6e9935d0b840f483f721f1914d7a3b31129dae8e0da643791eea8e9264f6c,generated,reference/; docs/_meta/generated/,AIXEM-AGENT-RETRIEVAL-001,The 0.4 reference artifact is now generated from canonical English documentation and authored route metadata.
reference/indexes/capabilities.aixcap.json,sha256:d20bee8dc96767f2afc10c58a86a968afe21ce374a76e35222f3e028f98e1552,generated,reference/; docs/_meta/generated/,AIXEM-AGENT-RETRIEVAL-001,The 0.4 reference artifact is now generated from canonical English documentation and authored route metadata.
reference/routes/change-architecture.aixroute.json,sha256:efa9eeb0fd923dfaa2811a329f22b58f2f58f8f27d420df9dd2093bbdf415ce5,generated,reference/; docs/_meta/generated/,AIXEM-AGENT-RETRIEVAL-001,The 0.4 reference artifact is now generated from canonical English documentation and authored route metadata.
reference/routes/create-schematic.aixroute.json,sha256:38ad0650657d7a24f76acbf23c1cf7aed6a234630a620e7f1e070b628c27901a,generated,reference/; docs/_meta/generated/,AIXEM-AGENT-RETRIEVAL-001,The 0.4 reference artifact is now generated from canonical English documentation and authored route metadata.
reference/routes/create-symbol.aixroute.json,sha256:7c394189dff591bc943d5a631674c3d24483cbebaa47a72fad13b6000953a9e7,generated,reference/; docs/_meta/generated/,AIXEM-AGENT-RETRIEVAL-001,The 0.4 reference artifact is now generated from canonical English documentation and authored route metadata.
reference/routes/inspect-artifact.aixroute.json,sha256:28a1a5ed6547e19e4ab61897fce275bb652e6f113434cfaf90c06619f07da940,generated,reference/; docs/_meta/generated/,AIXEM-AGENT-RETRIEVAL-001,The 0.4 reference artifact is now generated from canonical English documentation and authored route metadata.
reference/routes/migrate-baseline.aixroute.json,sha256:72fe865980c55f87d2a5f11f4c13effb3b247639fe5d0a1f6a02b0e95b64993c,generated,reference/; docs/_meta/generated/,AIXEM-AGENT-RETRIEVAL-001,The 0.4 reference artifact is now generated from canonical English documentation and authored route metadata.
reference/routes/route-nets.aixroute.json,sha256:6f0bcdd69059c94659cf7c80b466114fb272cd7dc961dc997fe2926fc691e48e,generated,reference/; docs/_meta/generated/,AIXEM-AGENT-RETRIEVAL-001,The 0.4 reference artifact is now generated from canonical English documentation and authored route metadata.
reference/routes/validate-project.aixroute.json,sha256:fb01cdfd94de5f261e16d40181727773420d17a5aac42d1e6c7890a3b576b600,generated,reference/; docs/_meta/generated/,AIXEM-AGENT-RETRIEVAL-001,The 0.4 reference artifact is now generated from canonical English documentation and authored route metadata.
specifications/aixem-agent-task-route-profile-1.md,sha256:eec2fe936c98d8946990703f58a87366fb8b3bbcb2b20b01aa513544748239b8,canonicalized,docs/specifications/agent/retrieval-profile.md; docs/_meta/schema/task-route.schema.json,AIXEM-SPEC-AGENT-RETRIEVAL-001,The 0.4 source was normalized into the listed canonical 0.5 document or artifact.
specifications/aixem-grid-schematic-profile-1.md,sha256:171717a903776f994bd6bfd2d3acf194e1e896e0eb232360f934f8676905c6e7,canonicalized,docs/specifications/schematic/grid-profile.md,AIXEM-SPEC-GRID-PROFILE-001,The 0.4 source was normalized into the listed canonical 0.5 document or artifact.
specifications/aixem-grid-schematic-style-1.aixstyle.json,sha256:ee4bcad451b37f6e998768c378a3c5a82217619c9b35a9962d6c696cb46db393,canonicalized,profiles/aixem-grid-schematic-style-1.aixstyle.json,AIXEM-SPEC-INDEX-001,The 0.4 source was normalized into the listed canonical 0.5 document or artifact.
specifications/aixem-reference-navigation-profile-1.md,sha256:6ce311e81ca49674c912976ff236c41bf0ca34c117bbc5e20e6ff00cd432766b,canonicalized,docs/agent/retrieval.md; docs/specifications/agent/retrieval-profile.md,AIXEM-AGENT-RETRIEVAL-001; AIXEM-SPEC-AGENT-RETRIEVAL-001,The 0.4 source was normalized into the listed canonical 0.5 document or artifact.
specifications/aixem-workbench-ui-profile-1.md,sha256:cdb246f4fd77016b9af21dc1e7144fd41c99c8c8065ede4179391187515d9aa5,canonicalized,docs/specifications/schematic/visual-profile.md,AIXEM-SPEC-VISUAL-PROFILE-001,The 0.4 source was normalized into the listed canonical 0.5 document or artifact.
specifications/schemas/aixem-artifact-map-1.schema.json,sha256:8de0f9d899b45b4bc0907ce177c26ca79797d310c0fb417f102db90f7db63ba9,retained-compatibility-schema,docs/specifications/schemas/reference-compatibility-1/aixem-artifact-map-1.schema.json,AIXEM-SPEC-SCHEMAS-001,The machine-readable contract is preserved under the canonical schema catalog.
specifications/schemas/aixem-capability-index-1.schema.json,sha256:48128f752517b70a0efcf25468dca0a219afb44d168d05cef973655dba0d41ab,retained-compatibility-schema,docs/specifications/schemas/reference-compatibility-1/aixem-capability-index-1.schema.json,AIXEM-SPEC-SCHEMAS-001,The machine-readable contract is preserved under the canonical schema catalog.
specifications/schemas/aixem-reference-card-1.schema.json,sha256:9010581b913dbd75f83033750cf99b315afcf1b87cea699b6afaa02f0270b9c6,retained-compatibility-schema,docs/specifications/schemas/reference-compatibility-1/aixem-reference-card-1.schema.json,AIXEM-SPEC-SCHEMAS-001,The machine-readable contract is preserved under the canonical schema catalog.
specifications/schemas/aixem-reference-domain-index-1.schema.json,sha256:89cd13142bad5473d456a59976fce64c9144b989e7e23e92d968d4dbb18612b7,retained-compatibility-schema,docs/specifications/schemas/reference-compatibility-1/aixem-reference-domain-index-1.schema.json,AIXEM-SPEC-SCHEMAS-001,The machine-readable contract is preserved under the canonical schema catalog.
specifications/schemas/aixem-reference-manifest-1.schema.json,sha256:b2591ae758e9fc4fc8f2900cf8b477b8ef2ade5ccd9b043fea204db73e25a919,retained-compatibility-schema,docs/specifications/schemas/reference-compatibility-1/aixem-reference-manifest-1.schema.json,AIXEM-SPEC-SCHEMAS-001,The machine-readable contract is preserved under the canonical schema catalog.
specifications/schemas/aixem-reference-root-1.schema.json,sha256:00b831043495014d7d2124d4b6fb2b06edd6af8770ec21e1afd13390644dc3d5,retained-compatibility-schema,docs/specifications/schemas/reference-compatibility-1/aixem-reference-root-1.schema.json,AIXEM-SPEC-SCHEMAS-001,The machine-readable contract is preserved under the canonical schema catalog.
specifications/schemas/aixem-schematic-style-1.schema.json,sha256:da13c5dc836cc89fceccbc2d7e51bb70a29e3de6f4e8004e390c768f9960d940,retained-compatibility-schema,docs/specifications/schemas/reference-compatibility-1/aixem-schematic-style-1.schema.json,AIXEM-SPEC-SCHEMAS-001,The machine-readable contract is preserved under the canonical schema catalog.
specifications/schemas/aixem-task-route-1.schema.json,sha256:4088a978378a7bad4961ffcdbb2a2534213c20fbf0044af2cde2b77ca46010a7,retained-compatibility-schema,docs/specifications/schemas/reference-compatibility-1/aixem-task-route-1.schema.json,AIXEM-SPEC-SCHEMAS-001,The machine-readable contract is preserved under the canonical schema catalog.
specifications/schemas/component-graphics-1/aixem-component-library-1.schema.json,sha256:85d1977d263f0ee6f86db615c2f4b9c43fbd1e534b1446f5fcdb2b58e16417cc,retained,docs/specifications/schemas/component-graphics-1/aixem-component-library-1.schema.json,AIXEM-SPEC-SCHEMAS-001,The machine-readable contract is preserved under the canonical schema catalog.
specifications/schemas/component-graphics-1/aixem-explicit-layout-1.schema.json,sha256:4f92e5e292a694aabfca922cc449f2f59a1a08e6465181a096a62b47b23bfca7,retained,docs/specifications/schemas/component-graphics-1/aixem-explicit-layout-1.schema.json,AIXEM-SPEC-SCHEMAS-001,The machine-readable contract is preserved under the canonical schema catalog.
specifications/schemas/component-graphics-1/aixem-project-manifest-1.schema.json,sha256:056932ff46d7b6928f3b01dba50403353bdfda8f4d28e8b7bf0d38ab1dd39a41,retained,docs/specifications/schemas/component-graphics-1/aixem-project-manifest-1.schema.json,AIXEM-SPEC-SCHEMAS-001,The machine-readable contract is preserved under the canonical schema catalog.
specifications/schemas/component-graphics-1/aixem-symbol-asset-1.schema.json,sha256:ba4d442591f6e53daf07f9d8f85e2026043f4e93ae0710e2578447dd3c466831,retained,docs/specifications/schemas/component-graphics-1/aixem-symbol-asset-1.schema.json,AIXEM-SPEC-SCHEMAS-001,The machine-readable contract is preserved under the canonical schema catalog.
validation/screenshots/workbench-desktop.png,sha256:352e2ba01371edceb13394af7a34dd1e6816858ec477aebffaa17b1fb8c6f04d,canonicalized,validation/evidence/pass-01/legacy-workbench-desktop.png,AIXEM-CONF-VALIDATION-001,The 0.4 source was normalized into the listed canonical 0.5 document or artifact.
